kp_id,name,subject,stage,grade,tier,score,issue_count,issues,cp_count,deep_count,deep_types,md_chars,exercise_count,error_count,has_real_world,path
ancient-china-h,中国古代史：文明起源与制度演进总览,history,high,10,A,100,0,,2,4,local_textbook_markdown:4,1041,3,2,True,data/kp/history/ancient-china-h.json
bio-h-atp,ATP 与能量代谢,biology,high,10,A,100,0,,2,4,local_textbook_markdown:4,904,3,2,True,data/kp/biology/bio-h-atp.json
bio-h-biodiversity-h,生物多样性及其保护,biology,high,11,A,100,0,,2,4,local_textbook_markdown:4,1002,3,2,True,data/kp/biology/bio-h-biodiversity-h.json
bio-h-blood-sugar-regulation,血糖调节与糖尿病,biology,high,11,A,100,0,,2,4,local_textbook_markdown:4,1025,3,2,True,data/kp/biology/bio-h-blood-sugar-regulation.json
bio-h-breeding,育种,biology,high,10,A,100,0,,2,4,local_textbook_markdown:4,965,3,2,True,data/kp/biology/bio-h-breeding.json
bio-h-cancer-cell,癌细胞与癌症防治,biology,high,10,A,100,0,,2,4,local_textbook_markdown:4,958,3,2,True,data/kp/biology/bio-h-cancer-cell.json
bio-h-cell-aging-apoptosis,细胞衰老与凋亡,biology,high,10,A,100,0,,2,4,local_textbook_markdown:4,926,3,2,True,data/kp/biology/bio-h-cell-aging-apoptosis.json
bio-h-cell-cycle,细胞周期,biology,high,10,A,100,0,,2,4,local_textbook_markdown:4,968,3,2,True,data/kp/biology/bio-h-cell-cycle.json
bio-h-cell-differentiation,细胞分化,biology,high,10,A,100,0,,2,4,local_textbook_markdown:4,983,3,2,True,data/kp/biology/bio-h-cell-differentiation.json
bio-h-cell-division,细胞分裂综合,biology,high,10,A,100,0,,3,4,local_textbook_markdown:4,1013,3,2,True,data/kp/biology/bio-h-cell-division.json
bio-h-cell-membrane,细胞膜结构,biology,high,10,A,100,0,,3,4,local_textbook_markdown:4,1014,3,2,True,data/kp/biology/bio-h-cell-membrane.json
bio-h-cell-metabolism,细胞代谢总论,biology,high,10,A,100,0,,4,4,local_textbook_markdown:4,986,3,2,True,data/kp/biology/bio-h-cell-metabolism.json
bio-h-cell-structure,细胞总论,biology,high,10,A,100,0,,4,4,local_textbook_markdown:4,1099,3,2,True,data/kp/biology/bio-h-cell-structure.json
bio-h-cellular-respiration,细胞呼吸,biology,high,10,A,100,0,,2,4,local_textbook_markdown:4,924,3,2,True,data/kp/biology/bio-h-cellular-respiration.json
bio-h-chromosome-variation,染色体变异,biology,high,10,A,100,0,,2,4,local_textbook_markdown:4,989,3,2,True,data/kp/biology/bio-h-chromosome-variation.json
bio-h-community,群落,biology,high,11,A,100,0,,3,4,local_textbook_markdown:4,967,3,2,True,data/kp/biology/bio-h-community.json
bio-h-dna-gene,DNA 与基因综合,biology,high,10,A,100,0,,3,4,local_textbook_markdown:4,1063,3,2,True,data/kp/biology/bio-h-dna-gene.json
bio-h-dna-is-genetic-material,DNA 是遗传物质,biology,high,10,A,100,0,,2,4,local_textbook_markdown:4,979,3,2,True,data/kp/biology/bio-h-dna-is-genetic-material.json
bio-h-dna-replication,DNA 复制,biology,high,10,A,100,0,,2,4,local_textbook_markdown:4,887,3,2,True,data/kp/biology/bio-h-dna-replication.json
bio-h-dna-structure,DNA 分子结构,biology,high,10,A,100,0,,2,4,local_textbook_markdown:4,1031,3,2,True,data/kp/biology/bio-h-dna-structure.json
bio-h-ecosystem,生态系统总论,biology,high,11,A,100,0,,2,4,local_textbook_markdown:4,944,3,2,True,data/kp/biology/bio-h-ecosystem.json
bio-h-ecosystem-stability,生态系统稳定性,biology,high,11,A,100,0,,3,4,local_textbook_markdown:4,979,3,2,True,data/kp/biology/bio-h-ecosystem-stability.json
bio-h-ecosystem-structure,生态系统结构,biology,high,11,A,100,0,,3,4,local_textbook_markdown:4,1121,3,2,True,data/kp/biology/bio-h-ecosystem-structure.json
bio-h-elements-compounds,组成细胞的元素与化合物,biology,high,10,A,100,0,,4,4,local_textbook_markdown:4,1088,3,2,True,data/kp/biology/bio-h-elements-compounds.json
bio-h-endomembrane-system,生物膜系统,biology,high,10,A,100,0,,2,4,local_textbook_markdown:4,962,3,2,True,data/kp/biology/bio-h-endomembrane-system.json
bio-h-energy-flow,生态系统能量流动,biology,high,11,A,100,0,,2,4,local_textbook_markdown:4,1035,3,2,True,data/kp/biology/bio-h-energy-flow.json
bio-h-enzyme,酶,biology,high,10,A,100,0,,2,4,local_textbook_markdown:4,931,3,2,True,data/kp/biology/bio-h-enzyme.json
bio-h-evolution-evidence,生物进化的证据,biology,high,10,A,100,0,,2,4,local_textbook_markdown:4,976,3,2,True,data/kp/biology/bio-h-evolution-evidence.json
bio-h-gene-concept,基因的概念与表达,biology,high,10,A,100,0,,2,4,local_textbook_markdown:4,971,3,2,True,data/kp/biology/bio-h-gene-concept.json
bio-h-gene-mutation,基因突变,biology,high,10,A,100,0,,2,4,local_textbook_markdown:4,974,3,2,True,data/kp/biology/bio-h-gene-mutation.json
bio-h-gene-regulation,基因表达调控,biology,high,10,A,100,0,,2,4,local_textbook_markdown:4,895,3,2,True,data/kp/biology/bio-h-gene-regulation.json
bio-h-gene-to-protein,从基因到蛋白质,biology,high,10,A,100,0,,3,4,local_textbook_markdown:4,965,3,2,True,data/kp/biology/bio-h-gene-to-protein.json
bio-h-genetic-variation,遗传变异综合,biology,high,10,A,100,0,,3,4,local_textbook_markdown:4,1027,3,2,True,data/kp/biology/bio-h-genetic-variation.json
bio-h-genetics-mendel,孟德尔遗传综合,biology,high,10,A,100,0,,2,4,local_textbook_markdown:4,984,3,2,True,data/kp/biology/bio-h-genetics-mendel.json
bio-h-human-genetics,人类遗传病,biology,high,10,A,100,0,,2,4,local_textbook_markdown:4,991,3,2,True,data/kp/biology/bio-h-human-genetics.json
bio-h-humoral-regulation,体液调节,biology,high,11,A,100,0,,3,4,local_textbook_markdown:4,989,3,2,True,data/kp/biology/bio-h-humoral-regulation.json
bio-h-immune-regulation,免疫调节,biology,high,11,A,100,0,,3,4,local_textbook_markdown:4,955,3,2,True,data/kp/biology/bio-h-immune-regulation.json
bio-h-information-transmission,生态系统信息传递,biology,high,11,A,100,0,,2,4,local_textbook_markdown:4,1046,3,2,True,data/kp/biology/bio-h-information-transmission.json
bio-h-internal-environment,内环境与稳态,biology,high,11,A,100,0,,2,4,local_textbook_markdown:4,1067,3,2,True,data/kp/biology/bio-h-internal-environment.json
bio-h-material-cycle-h,生态系统物质循环,biology,high,11,A,100,0,,2,4,local_textbook_markdown:4,1035,3,2,True,data/kp/biology/bio-h-material-cycle-h.json
bio-h-meiosis,减数分裂,biology,high,10,A,100,0,,2,4,local_textbook_markdown:4,1046,3,2,True,data/kp/biology/bio-h-meiosis.json
bio-h-mendel-law-1,分离定律,biology,high,10,A,100,0,,2,4,local_textbook_markdown:4,887,3,2,True,data/kp/biology/bio-h-mendel-law-1.json
bio-h-mendel-law-2,自由组合定律,biology,high,10,A,100,0,,2,4,local_textbook_markdown:4,976,3,2,True,data/kp/biology/bio-h-mendel-law-2.json
bio-h-mitosis,有丝分裂,biology,high,10,A,100,0,,3,4,local_textbook_markdown:4,979,3,2,True,data/kp/biology/bio-h-mitosis.json
bio-h-natural-selection,自然选择与适应,biology,high,10,A,100,0,,2,4,local_textbook_markdown:4,976,3,2,True,data/kp/biology/bio-h-natural-selection.json
bio-h-nervous-humoral-immune,神经—体液—免疫综合,biology,high,11,A,100,0,,3,4,local_textbook_markdown:4,1080,3,2,True,data/kp/biology/bio-h-nervous-humoral-immune.json
bio-h-nervous-regulation,神经调节,biology,high,11,A,100,0,,3,4,local_textbook_markdown:4,1032,3,2,True,data/kp/biology/bio-h-nervous-regulation.json
bio-h-nucleus,细胞核,biology,high,10,A,100,0,,2,4,local_textbook_markdown:4,866,3,2,True,data/kp/biology/bio-h-nucleus.json
bio-h-organelles,细胞器,biology,high,10,A,100,0,,4,4,local_textbook_markdown:4,1017,3,2,True,data/kp/biology/bio-h-organelles.json
bio-h-photosynthesis,光合作用,biology,high,10,A,100,0,,3,4,local_textbook_markdown:4,1027,3,2,True,data/kp/biology/bio-h-photosynthesis.json
bio-h-photosynthesis-respiration-relation,光合与呼吸的关系,biology,high,10,A,100,0,,3,4,local_textbook_markdown:4,1037,3,2,True,data/kp/biology/bio-h-photosynthesis-respiration-relation.json
bio-h-plant-hormone,植物激素调节,biology,high,11,A,100,0,,4,4,local_textbook_markdown:4,1031,3,2,True,data/kp/biology/bio-h-plant-hormone.json
bio-h-population,种群及其特征,biology,high,11,A,100,0,,3,4,local_textbook_markdown:4,970,3,2,True,data/kp/biology/bio-h-population.json
bio-h-prokaryote-eukaryote,原核细胞与真核细胞,biology,high,10,A,100,0,,2,4,local_textbook_markdown:4,946,3,2,True,data/kp/biology/bio-h-prokaryote-eukaryote.json
bio-h-protein-nucleic-acid,蛋白质与核酸,biology,high,10,A,100,0,,2,4,local_textbook_markdown:4,999,3,2,True,data/kp/biology/bio-h-protein-nucleic-acid.json
bio-h-sex-linked-inheritance,伴性遗传,biology,high,10,A,100,0,,2,4,local_textbook_markdown:4,891,3,2,True,data/kp/biology/bio-h-sex-linked-inheritance.json
bio-h-speciation,物种形成,biology,high,10,A,100,0,,2,4,local_textbook_markdown:4,934,3,2,True,data/kp/biology/bio-h-speciation.json
bio-h-stem-cell,干细胞,biology,high,10,A,100,0,,2,4,local_textbook_markdown:4,994,3,2,True,data/kp/biology/bio-h-stem-cell.json
bio-h-sugar-lipid,糖类与脂质,biology,high,10,A,100,0,,2,4,local_textbook_markdown:4,920,3,2,True,data/kp/biology/bio-h-sugar-lipid.json
bio-h-transport-across-membrane,物质跨膜运输,biology,high,10,A,100,0,,3,4,local_textbook_markdown:4,903,3,2,True,data/kp/biology/bio-h-transport-across-membrane.json
bio-m-animal-behavior,动物行为,biology,middle,8,A,100,0,,2,4,local_textbook_markdown:4,1331,3,2,True,data/kp/biology/bio-m-animal-behavior.json
bio-m-animal-diversity,动物的主要类群,biology,middle,8,A,100,0,,3,4,local_textbook_markdown:4,944,3,2,True,data/kp/biology/bio-m-animal-diversity.json
bio-m-asexual-reproduction,植物的无性生殖,biology,middle,7,A,100,0,,3,4,local_textbook_markdown:4,976,3,2,True,data/kp/biology/bio-m-asexual-reproduction.json
bio-m-bio-characteristics,生物的基本特征,biology,middle,7,A,100,0,,3,4,local_textbook_markdown:4,1026,3,2,True,data/kp/biology/bio-m-bio-characteristics.json
bio-m-bio-classification,生物分类,biology,middle,8,A,100,0,,3,4,local_textbook_markdown:4,951,3,2,True,data/kp/biology/bio-m-bio-classification.json
bio-m-biodiversity-m,生物多样性及其保护,biology,middle,8,A,100,0,,3,4,local_textbook_markdown:4,992,3,2,True,data/kp/biology/bio-m-biodiversity-m.json
bio-m-biology-cross-disciplinary-practice,生物学跨学科实践,biology,middle,8,A,100,0,,4,4,local_textbook_markdown:4,1282,3,2,True,data/kp/biology/bio-m-biology-cross-disciplinary-practice.json
bio-m-biosphere,生物圈,biology,middle,7,A,100,0,,4,4,local_textbook_markdown:4,994,3,2,True,data/kp/biology/bio-m-biosphere.json
bio-m-biosphere-largest,生物圈是最大的生态系统,biology,middle,7,A,100,0,,3,4,local_textbook_markdown:4,966,3,2,True,data/kp/biology/bio-m-biosphere-largest.json
bio-m-biosphere-scope,生物圈的范围,biology,middle,7,A,100,0,,3,4,local_textbook_markdown:4,977,3,2,True,data/kp/biology/bio-m-biosphere-scope.json
bio-m-cell-basics,细胞基础,biology,middle,7,A,100,0,,3,4,local_textbook_markdown:4,898,3,2,True,data/kp/biology/bio-m-cell-basics.json
bio-m-cell-division-junior,细胞分化,biology,middle,7,A,100,0,,3,4,local_textbook_markdown:4,901,3,2,True,data/kp/biology/bio-m-cell-division-junior.json
bio-m-cell-division-m,细胞分裂,biology,middle,7,A,100,0,,3,4,local_textbook_markdown:4,911,3,2,True,data/kp/biology/bio-m-cell-division-m.json
bio-m-cell-life-activities,细胞的生命活动,biology,middle,7,A,100,0,,3,4,local_textbook_markdown:4,965,3,2,True,data/kp/biology/bio-m-cell-life-activities.json
bio-m-cell-structure-m,细胞的结构,biology,middle,7,A,100,0,,3,4,local_textbook_markdown:4,1049,3,2,True,data/kp/biology/bio-m-cell-structure-m.json
bio-m-circulation-respiration,循环与呼吸综合,biology,middle,7,A,100,0,,3,4,local_textbook_markdown:4,1030,3,2,True,data/kp/biology/bio-m-circulation-respiration.json
bio-m-circulatory-system,循环系统,biology,middle,7,A,100,0,,3,4,local_textbook_markdown:4,971,3,2,True,data/kp/biology/bio-m-circulatory-system.json
bio-m-digestion-system,消化系统,biology,middle,7,A,100,0,,3,4,local_textbook_markdown:4,922,3,2,True,data/kp/biology/bio-m-digestion-system.json
bio-m-eco-factors,生态因素,biology,middle,7,A,100,0,,4,4,local_textbook_markdown:4,971,3,2,True,data/kp/biology/bio-m-eco-factors.json
bio-m-ecosystem-junior,生态系统的组成,biology,middle,8,A,100,0,,4,4,local_textbook_markdown:4,1006,3,2,True,data/kp/biology/bio-m-ecosystem-junior.json
bio-m-endocrine-system-m,内分泌系统,biology,middle,7,A,100,0,,2,4,local_textbook_markdown:4,1081,3,2,True,data/kp/biology/bio-m-endocrine-system-m.json
bio-m-excretory-system,排泄系统,biology,middle,7,A,100,0,,4,4,local_textbook_markdown:4,939,3,2,True,data/kp/biology/bio-m-excretory-system.json
bio-m-flower-structure,花的结构与传粉,biology,middle,7,A,100,0,,3,4,local_textbook_markdown:4,1056,3,2,True,data/kp/biology/bio-m-flower-structure.json
bio-m-food-chain,食物链与食物网,biology,middle,7,A,100,0,,3,4,local_textbook_markdown:4,950,3,2,True,data/kp/biology/bio-m-food-chain.json
bio-m-fruit-seed-formation,果实与种子的形成,biology,middle,7,A,100,0,,3,4,local_textbook_markdown:4,1052,3,2,True,data/kp/biology/bio-m-fruit-seed-formation.json
bio-m-human-body-overview,人体概述,biology,middle,7,A,100,0,,3,4,local_textbook_markdown:4,974,3,2,True,data/kp/biology/bio-m-human-body-overview.json
bio-m-infectious-disease,传染病与免疫,biology,middle,8,A,100,0,,2,4,local_textbook_markdown:4,1000,3,2,True,data/kp/biology/bio-m-infectious-disease.json
bio-m-leaf-structure,叶片结构,biology,middle,7,A,100,0,,3,4,local_textbook_markdown:4,949,3,2,True,data/kp/biology/bio-m-leaf-structure.json
bio-m-microorganism,微生物（细菌/真菌/病毒）,biology,middle,8,A,100,0,,4,4,local_textbook_markdown:4,1075,3,2,True,data/kp/biology/bio-m-microorganism.json
bio-m-microorganism-health,微生物与人类健康,biology,middle,8,A,100,0,,3,4,local_textbook_markdown:4,1008,3,2,True,data/kp/biology/bio-m-microorganism-health.json
bio-m-microscope-use,显微镜的使用,biology,middle,7,A,100,0,,3,4,local_textbook_markdown:4,1168,3,2,True,data/kp/biology/bio-m-microscope-use.json
bio-m-nervous-system-m,神经系统,biology,middle,7,A,100,0,,2,4,local_textbook_markdown:4,1013,3,2,True,data/kp/biology/bio-m-nervous-system-m.json
bio-m-photosynthesis-m,光合作用,biology,middle,7,A,100,0,,2,4,local_textbook_markdown:4,937,3,2,True,data/kp/biology/bio-m-photosynthesis-m.json
bio-m-plant-classification,植物的主要类群,biology,middle,7,A,100,0,,3,4,local_textbook_markdown:4,1039,3,2,True,data/kp/biology/bio-m-plant-classification.json
bio-m-plant-structure,绿色植物整体结构,biology,middle,7,A,100,0,,3,4,local_textbook_markdown:4,1063,3,2,True,data/kp/biology/bio-m-plant-structure.json
bio-m-reproduction-development,人的生殖与发育,biology,middle,7,A,100,0,,3,4,local_textbook_markdown:4,1123,3,2,True,data/kp/biology/bio-m-reproduction-development.json
bio-m-respiration-m,呼吸作用,biology,middle,7,A,100,0,,3,4,local_textbook_markdown:4,1005,3,2,True,data/kp/biology/bio-m-respiration-m.json
bio-m-respiratory-system,呼吸系统,biology,middle,7,A,100,0,,3,4,local_textbook_markdown:4,980,3,2,True,data/kp/biology/bio-m-respiratory-system.json
bio-m-root-tip,根尖结构,biology,middle,7,A,100,0,,4,4,local_textbook_markdown:4,919,3,2,True,data/kp/biology/bio-m-root-tip.json
bio-m-seed-structure,种子结构与萌发,biology,middle,7,A,100,0,,4,4,local_textbook_markdown:4,1136,3,2,True,data/kp/biology/bio-m-seed-structure.json
bio-m-stem-transport,茎的运输作用,biology,middle,7,A,100,0,,3,4,local_textbook_markdown:4,1001,3,2,True,data/kp/biology/bio-m-stem-transport.json
bio-m-tissue-types,组织与器官,biology,middle,7,A,100,0,,3,4,local_textbook_markdown:4,979,3,2,True,data/kp/biology/bio-m-tissue-types.json
bio-m-transpiration,蒸腾作用,biology,middle,7,A,100,0,,3,4,local_textbook_markdown:4,942,3,2,True,data/kp/biology/bio-m-transpiration.json
bio-m-urinary-nervous,泌尿系统,biology,middle,7,A,100,0,,3,4,local_textbook_markdown:4,941,3,2,True,data/kp/biology/bio-m-urinary-nervous.json
chem-h-aluminum-compounds,铝及其化合物,chemistry,high,10,A,100,0,,2,4,local_textbook_markdown:4,1026,3,2,True,data/kp/chemistry/chem-h-aluminum-compounds.json
chem-h-atom-structure-h,原子结构,chemistry,high,10,A,100,0,,3,4,local_textbook_markdown:4,1080,3,2,True,data/kp/chemistry/chem-h-atom-structure-h.json
chem-h-biomolecules,生物大分子（糖/蛋白质/核酸）,chemistry,high,11,A,100,0,,2,4,local_textbook_markdown:4,1305,3,2,True,data/kp/chemistry/chem-h-biomolecules.json
chem-h-chemical-bond,化学键,chemistry,high,10,A,100,0,,2,4,local_textbook_markdown:4,975,3,2,True,data/kp/chemistry/chem-h-chemical-bond.json
chem-h-chemical-equilibrium,化学平衡,chemistry,high,11,A,100,0,,3,4,local_textbook_markdown:4,1071,3,2,True,data/kp/chemistry/chem-h-chemical-equilibrium.json
chem-h-chlorine-compounds,氯及其化合物,chemistry,high,10,A,100,0,,2,4,local_textbook_markdown:4,1057,3,2,True,data/kp/chemistry/chem-h-chlorine-compounds.json
chem-h-corrosion-protection,防腐原理与应用,chemistry,high,11,A,100,0,,3,4,local_textbook_markdown:4,1053,3,2,True,data/kp/chemistry/chem-h-corrosion-protection.json
chem-h-dispersion-system,分散系（溶液/胶体）,chemistry,high,10,A,100,0,,2,4,local_textbook_markdown:4,895,3,2,True,data/kp/chemistry/chem-h-dispersion-system.json
chem-h-electrochemistry,电化学基础,chemistry,high,11,A,100,0,,3,4,local_textbook_markdown:4,1056,3,2,True,data/kp/chemistry/chem-h-electrochemistry.json
chem-h-electrolysis,电解池,chemistry,high,11,A,100,0,,2,4,local_textbook_markdown:4,999,3,2,True,data/kp/chemistry/chem-h-electrolysis.json
chem-h-electrolyte-concept,电解质与非电解质,chemistry,high,10,A,100,0,,3,4,local_textbook_markdown:4,999,3,2,True,data/kp/chemistry/chem-h-electrolyte-concept.json
chem-h-enthalpy-change,焓变与反应热,chemistry,high,11,A,100,0,,2,4,local_textbook_markdown:4,1044,3,2,True,data/kp/chemistry/chem-h-enthalpy-change.json
chem-h-equilibrium-constant,平衡常数,chemistry,high,11,A,100,0,,2,4,local_textbook_markdown:4,1041,3,2,True,data/kp/chemistry/chem-h-equilibrium-constant.json
chem-h-functional-groups,官能团（醇/酚/醛/酸/酯）,chemistry,high,11,A,100,0,,2,4,local_textbook_markdown:4,1172,3,2,True,data/kp/chemistry/chem-h-functional-groups.json
chem-h-galvanic-cell,原电池,chemistry,high,11,A,100,0,,3,4,local_textbook_markdown:4,1126,3,2,True,data/kp/chemistry/chem-h-galvanic-cell.json
chem-h-gas-molar-volume,气体摩尔体积,chemistry,high,10,A,100,0,,2,4,local_textbook_markdown:4,997,3,2,True,data/kp/chemistry/chem-h-gas-molar-volume.json
chem-h-hess-law,盖斯定律,chemistry,high,11,A,100,0,,2,4,local_textbook_markdown:4,1036,3,2,True,data/kp/chemistry/chem-h-hess-law.json
chem-h-hydrocarbon,烃（烷/烯/炔/芳）,chemistry,high,11,A,100,0,,2,4,local_textbook_markdown:4,1146,3,2,True,data/kp/chemistry/chem-h-hydrocarbon.json
chem-h-hydrocarbons,烃类综合,chemistry,high,11,A,100,0,,2,4,local_textbook_markdown:4,1447,3,2,True,data/kp/chemistry/chem-h-hydrocarbons.json
chem-h-ion-identification,离子检验与共存,chemistry,high,10,A,100,0,,3,4,local_textbook_markdown:4,973,3,2,True,data/kp/chemistry/chem-h-ion-identification.json
chem-h-ionic-equation,离子方程式,chemistry,high,10,A,100,0,,2,4,local_textbook_markdown:4,924,3,2,True,data/kp/chemistry/chem-h-ionic-equation.json
chem-h-ionic-reactions-electrolyte,电解质与离子反应综合,chemistry,high,10,A,100,0,,3,4,local_textbook_markdown:4,1015,3,2,True,data/kp/chemistry/chem-h-ionic-reactions-electrolyte.json
chem-h-iron-compounds,铁及其化合物,chemistry,high,10,A,100,0,,2,4,local_textbook_markdown:4,1026,3,2,True,data/kp/chemistry/chem-h-iron-compounds.json
chem-h-le-chatelier,勒夏特列原理,chemistry,high,11,A,100,0,,3,4,local_textbook_markdown:4,1097,3,2,True,data/kp/chemistry/chem-h-le-chatelier.json
chem-h-metal-corrosion-h,金属的腐蚀与防护（高中）,chemistry,high,11,A,100,0,,3,4,local_textbook_markdown:4,1093,3,2,True,data/kp/chemistry/chem-h-metal-corrosion-h.json
chem-h-mole-concept,物质的量（摩尔）,chemistry,high,10,A,100,0,,3,4,local_textbook_markdown:4,1037,3,2,True,data/kp/chemistry/chem-h-mole-concept.json
chem-h-molecular-structure,分子结构与性质,chemistry,high,11,A,100,0,,3,4,local_textbook_markdown:4,1109,3,2,True,data/kp/chemistry/chem-h-molecular-structure.json
chem-h-organic-derivatives,烃的衍生物,chemistry,high,11,A,100,0,,2,4,local_textbook_markdown:4,1020,3,2,True,data/kp/chemistry/chem-h-organic-derivatives.json
chem-h-organic-intro,有机化合物入门,chemistry,high,11,A,100,0,,2,4,local_textbook_markdown:4,1049,3,2,True,data/kp/chemistry/chem-h-organic-intro.json
chem-h-organic-reactions,有机反应类型,chemistry,high,11,A,100,0,,2,4,local_textbook_markdown:4,1169,3,2,True,data/kp/chemistry/chem-h-organic-reactions.json
chem-h-organic-synthesis,有机合成路线设计,chemistry,high,11,A,100,0,,2,4,local_textbook_markdown:4,1057,3,2,True,data/kp/chemistry/chem-h-organic-synthesis.json
chem-h-oxidation-reduction,氧化还原反应概念,chemistry,high,10,A,100,0,,2,4,local_textbook_markdown:4,1030,3,2,True,data/kp/chemistry/chem-h-oxidation-reduction.json
chem-h-periodic-law,元素周期律,chemistry,high,10,A,100,0,,3,4,local_textbook_markdown:4,1075,3,2,True,data/kp/chemistry/chem-h-periodic-law.json
chem-h-periodic-table-h,元素周期表,chemistry,high,10,A,100,0,,2,4,local_textbook_markdown:4,1015,3,2,True,data/kp/chemistry/chem-h-periodic-table-h.json
chem-h-polymers,高分子合成与应用,chemistry,high,11,A,100,0,,2,4,local_textbook_markdown:4,1047,3,2,True,data/kp/chemistry/chem-h-polymers.json
chem-h-reaction-rate,化学反应速率,chemistry,high,11,A,100,0,,2,4,local_textbook_markdown:4,1078,3,2,True,data/kp/chemistry/chem-h-reaction-rate.json
chem-h-reaction-rate-equilibrium,速率与平衡综合,chemistry,high,11,A,100,0,,3,4,local_textbook_markdown:4,1103,3,2,True,data/kp/chemistry/chem-h-reaction-rate-equilibrium.json
chem-h-redox-equation,氧化还原方程式配平,chemistry,high,10,A,100,0,,2,4,local_textbook_markdown:4,1038,3,2,True,data/kp/chemistry/chem-h-redox-equation.json
chem-h-silicon-compounds,硅及其化合物,chemistry,high,10,A,100,0,,3,4,local_textbook_markdown:4,1130,3,2,True,data/kp/chemistry/chem-h-silicon-compounds.json
chem-h-sodium-compounds,钠及其化合物,chemistry,high,10,A,100,0,,2,4,local_textbook_markdown:4,1034,3,2,True,data/kp/chemistry/chem-h-sodium-compounds.json
chem-h-solution-concentration-h,物质的量浓度,chemistry,high,10,A,100,0,,3,4,local_textbook_markdown:4,1022,3,2,True,data/kp/chemistry/chem-h-solution-concentration-h.json
chem-h-substance-classification-h,物质的分类,chemistry,high,10,A,100,0,,2,4,local_textbook_markdown:4,950,3,2,True,data/kp/chemistry/chem-h-substance-classification-h.json
chem-h-sulfur-nitrogen,硫和氮及其化合物,chemistry,high,10,A,100,0,,3,4,local_textbook_markdown:4,1103,3,2,True,data/kp/chemistry/chem-h-sulfur-nitrogen.json
chem-h-thermochemistry,热化学（焓变）,chemistry,high,11,A,100,0,,3,4,local_textbook_markdown:4,1090,3,2,True,data/kp/chemistry/chem-h-thermochemistry.json
chem-m-acid-base-concept,酸和碱,chemistry,middle,9,A,100,0,,2,4,local_textbook_markdown:4,897,3,2,True,data/kp/chemistry/chem-m-acid-base-concept.json
chem-m-acid-base-salt,酸碱盐综合,chemistry,middle,9,A,100,0,,4,4,local_textbook_markdown:4,1080,3,2,True,data/kp/chemistry/chem-m-acid-base-salt.json
chem-m-activity-series,金属活动性顺序,chemistry,middle,9,A,100,0,,3,4,local_textbook_markdown:4,1041,3,2,True,data/kp/chemistry/chem-m-activity-series.json
chem-m-air-composition,空气的组成,chemistry,middle,9,A,100,0,,3,4,local_textbook_markdown:4,1012,3,2,True,data/kp/chemistry/chem-m-air-composition.json
chem-m-atom-molecule,分子与原子,chemistry,middle,9,A,100,0,,3,4,local_textbook_markdown:4,946,3,2,True,data/kp/chemistry/chem-m-atom-molecule.json
chem-m-atom-structure,原子的结构,chemistry,middle,9,A,100,0,,3,4,local_textbook_markdown:4,946,3,2,True,data/kp/chemistry/chem-m-atom-structure.json
chem-m-atomic-structure,原子核外电子排布,chemistry,middle,9,A,100,0,,3,4,local_textbook_markdown:4,999,3,2,True,data/kp/chemistry/chem-m-atomic-structure.json
chem-m-carbon-allotropes,碳的单质（金刚石/石墨/C60）,chemistry,middle,9,A,100,0,,3,4,local_textbook_markdown:4,1040,3,2,True,data/kp/chemistry/chem-m-carbon-allotropes.json
chem-m-catalyst-concept,催化剂与催化作用,chemistry,middle,9,A,100,0,,2,4,local_textbook_markdown:4,923,3,2,True,data/kp/chemistry/chem-m-catalyst-concept.json
chem-m-chemical-equation,化学方程式,chemistry,middle,9,A,100,0,,3,4,local_textbook_markdown:4,990,3,2,True,data/kp/chemistry/chem-m-chemical-equation.json
chem-m-chemical-formula,化学式与化合价,chemistry,middle,9,A,100,0,,3,4,local_textbook_markdown:4,1026,3,2,True,data/kp/chemistry/chem-m-chemical-formula.json
chem-m-chemistry-intro,走进化学世界,chemistry,middle,9,A,100,0,,3,4,local_textbook_markdown:4,1194,3,2,True,data/kp/chemistry/chem-m-chemistry-intro.json
chem-m-chemistry-society-practice,化学与生产生活（跨学科实践）,chemistry,middle,9,A,100,0,,3,4,local_textbook_markdown:4,1313,3,2,True,data/kp/chemistry/chem-m-chemistry-society-practice.json
chem-m-co-properties,一氧化碳的性质,chemistry,middle,9,A,100,0,,4,4,local_textbook_markdown:4,1071,3,2,True,data/kp/chemistry/chem-m-co-properties.json
chem-m-co2-properties,二氧化碳的性质与制取,chemistry,middle,9,A,100,0,,3,4,local_textbook_markdown:4,932,3,2,True,data/kp/chemistry/chem-m-co2-properties.json
chem-m-element-concept,元素,chemistry,middle,9,A,100,0,,3,4,local_textbook_markdown:4,1014,3,2,True,data/kp/chemistry/chem-m-element-concept.json
chem-m-equation-calculation,根据化学方程式计算,chemistry,middle,9,A,100,0,,2,4,local_textbook_markdown:4,928,3,2,True,data/kp/chemistry/chem-m-equation-calculation.json
chem-m-hydrogen-properties,氢气的性质,chemistry,middle,9,A,100,0,,3,4,local_textbook_markdown:4,932,3,2,True,data/kp/chemistry/chem-m-hydrogen-properties.json
chem-m-ion-concept,离子,chemistry,middle,9,A,100,0,,3,4,local_textbook_markdown:4,922,3,2,True,data/kp/chemistry/chem-m-ion-concept.json
chem-m-lab-safety,实验基本操作与安全,chemistry,middle,9,A,100,0,,3,4,local_textbook_markdown:4,1029,3,2,True,data/kp/chemistry/chem-m-lab-safety.json
chem-m-mass-conservation,质量守恒定律,chemistry,middle,9,A,100,0,,3,4,local_textbook_markdown:4,1063,3,2,True,data/kp/chemistry/chem-m-mass-conservation.json
chem-m-matter-classification,物质的分类,chemistry,middle,9,A,100,0,,3,4,local_textbook_markdown:4,935,3,2,True,data/kp/chemistry/chem-m-matter-classification.json
chem-m-metal-corrosion,金属的锈蚀与防护,chemistry,middle,9,A,100,0,,2,4,local_textbook_markdown:4,862,3,2,True,data/kp/chemistry/chem-m-metal-corrosion.json
chem-m-metal-properties,金属的物理与化学性质,chemistry,middle,9,A,100,0,,2,4,local_textbook_markdown:4,924,3,2,True,data/kp/chemistry/chem-m-metal-properties.json
chem-m-metal-smelting,金属冶炼,chemistry,middle,9,A,100,0,,2,4,local_textbook_markdown:4,1003,3,2,True,data/kp/chemistry/chem-m-metal-smelting.json
chem-m-metals-activity,金属的活动性,chemistry,middle,9,A,100,0,,2,4,local_textbook_markdown:4,893,3,2,True,data/kp/chemistry/chem-m-metals-activity.json
chem-m-neutralization,中和反应,chemistry,middle,9,A,100,0,,2,4,local_textbook_markdown:4,920,3,2,True,data/kp/chemistry/chem-m-neutralization.json
chem-m-oxygen-preparation,氧气的制取,chemistry,middle,9,A,100,0,,3,4,local_textbook_markdown:4,924,3,2,True,data/kp/chemistry/chem-m-oxygen-preparation.json
chem-m-oxygen-properties,氧气的性质,chemistry,middle,9,A,100,0,,2,4,local_textbook_markdown:4,826,3,2,True,data/kp/chemistry/chem-m-oxygen-properties.json
chem-m-periodic-table,元素周期表,chemistry,middle,9,A,100,0,,2,4,local_textbook_markdown:4,999,3,2,True,data/kp/chemistry/chem-m-periodic-table.json
chem-m-ph-indicators,酸碱指示剂与 pH,chemistry,middle,9,A,100,0,,2,4,local_textbook_markdown:4,936,3,2,True,data/kp/chemistry/chem-m-ph-indicators.json
chem-m-reaction-types,化学反应基本类型,chemistry,middle,9,A,100,0,,3,4,local_textbook_markdown:4,938,3,2,True,data/kp/chemistry/chem-m-reaction-types.json
chem-m-salt-reactions,盐的性质,chemistry,middle,9,A,100,0,,3,4,local_textbook_markdown:4,1099,3,2,True,data/kp/chemistry/chem-m-salt-reactions.json
chem-m-scientific-inquiry-experiment,科学探究方法,chemistry,middle,9,A,100,0,,3,4,local_textbook_markdown:4,1128,3,2,True,data/kp/chemistry/chem-m-scientific-inquiry-experiment.json
chem-m-solubility,溶解度,chemistry,middle,9,A,100,0,,2,4,local_textbook_markdown:4,868,3,2,True,data/kp/chemistry/chem-m-solubility.json
chem-m-solution-concentration,溶液浓度（质量分数）,chemistry,middle,9,A,100,0,,3,4,local_textbook_markdown:4,940,3,2,True,data/kp/chemistry/chem-m-solution-concentration.json
chem-m-solution-concept,溶液的形成,chemistry,middle,9,A,100,0,,2,4,local_textbook_markdown:4,884,3,2,True,data/kp/chemistry/chem-m-solution-concept.json
chem-m-substance-classification,纯净物、混合物、化合物,chemistry,middle,9,A,100,0,,3,4,local_textbook_markdown:4,1146,3,2,True,data/kp/chemistry/chem-m-substance-classification.json
chem-m-water-properties,水的组成与净化,chemistry,middle,9,A,100,0,,2,4,local_textbook_markdown:4,884,3,2,True,data/kp/chemistry/chem-m-water-properties.json
chn-e-application-writing,应用文（书信/通知/倡议书）,chinese,elementary,5,A,100,0,,2,1,curriculum_md_structured:1,1087,3,2,True,data/kp/chinese/chn-e-application-writing.json
chn-e-argumentative-intro,读后感与简单议论,chinese,elementary,6,A,100,0,,2,1,curriculum_md_structured:1,1040,3,2,True,data/kp/chinese/chn-e-argumentative-intro.json
chn-e-article-appreciation,文学鉴赏,chinese,elementary,5,A,100,0,,3,1,curriculum_md_structured:1,1069,3,2,True,data/kp/chinese/chn-e-article-appreciation.json
chn-e-article-structure,文章结构分析,chinese,elementary,4,A,100,0,,2,1,curriculum_md_structured:1,938,3,2,True,data/kp/chinese/chn-e-article-structure.json
chn-e-calligraphy-practice,硬笔书法与书写规范,chinese,elementary,3,A,100,0,,2,1,curriculum_md_structured:1,979,3,2,True,data/kp/chinese/chn-e-calligraphy-practice.json
chn-e-char-recognition-1,一年级常用字认读（300字）,chinese,elementary,1,A,100,0,,3,1,curriculum_md_structured:1,956,3,2,True,data/kp/chinese/chn-e-char-recognition-1.json
chn-e-char-recognition-2,二年级常用字认读（600字）,chinese,elementary,2,A,100,0,,3,1,curriculum_md_structured:1,963,3,2,True,data/kp/chinese/chn-e-char-recognition-2.json
chn-e-char-structure,汉字结构（独体/合体/左右/上下）,chinese,elementary,2,A,100,0,,2,1,curriculum_md_structured:1,1067,3,2,True,data/kp/chinese/chn-e-char-structure.json
chn-e-char-writing-1,基本笔画与笔顺,chinese,elementary,1,A,100,0,,2,1,curriculum_md_structured:1,982,3,2,True,data/kp/chinese/chn-e-char-writing-1.json
chn-e-character-analysis,人物描写与性格分析,chinese,elementary,4,A,100,0,,2,1,curriculum_md_structured:1,975,3,2,True,data/kp/chinese/chn-e-character-analysis.json
chn-e-classical-chinese-intro,小古文入门（之/乎/者/也）,chinese,elementary,5,A,100,0,,2,1,curriculum_md_structured:1,964,3,2,True,data/kp/chinese/chn-e-classical-chinese-intro.json
chn-e-classical-reading,文言文阅读理解,chinese,elementary,6,A,100,0,,2,1,curriculum_md_structured:1,968,3,2,True,data/kp/chinese/chn-e-classical-reading.json
chn-e-complex-sentences,关联词与复句（因果/转折/递进/条件）,chinese,elementary,4,A,100,0,,2,1,curriculum_md_structured:1,1008,3,2,True,data/kp/chinese/chn-e-complex-sentences.json
chn-e-compound-vowel,复韵母,chinese,elementary,1,A,100,0,,2,1,curriculum_md_structured:1,935,3,2,True,data/kp/chinese/chn-e-compound-vowel.json
chn-e-context-word-meaning,联系上下文理解词义,chinese,elementary,4,A,100,0,,2,1,curriculum_md_structured:1,913,3,2,True,data/kp/chinese/chn-e-context-word-meaning.json
chn-e-conversation-etiquette,礼貌用语与日常对话,chinese,elementary,2,A,100,0,,3,1,curriculum_md_structured:1,968,3,2,True,data/kp/chinese/chn-e-conversation-etiquette.json
chn-e-debate-discussion,讨论、辩论与即兴演讲,chinese,elementary,5,A,100,0,,2,1,curriculum_md_structured:1,1001,3,2,True,data/kp/chinese/chn-e-debate-discussion.json
chn-e-deep-reading,体会含义深刻的句子,chinese,elementary,5,A,100,0,,2,1,curriculum_md_structured:1,977,3,2,True,data/kp/chinese/chn-e-deep-reading.json
chn-e-descriptive-writing,描写技巧,chinese,elementary,4,A,100,0,,2,1,curriculum_md_structured:1,974,3,2,True,data/kp/chinese/chn-e-descriptive-writing.json
chn-e-detail-description,细节描写与五感法,chinese,elementary,4,A,100,0,,3,1,curriculum_md_structured:1,1069,3,2,True,data/kp/chinese/chn-e-detail-description.json
chn-e-diary-writing,日记与留言条,chinese,elementary,2,A,100,0,,2,1,curriculum_md_structured:1,1006,3,2,True,data/kp/chinese/chn-e-diary-writing.json
chn-e-dictionary-skills,查字典,chinese,elementary,2,A,100,0,,2,1,curriculum_md_structured:1,912,3,2,True,data/kp/chinese/chn-e-dictionary-skills.json
chn-e-essay-structure,作文审题、立意与提纲,chinese,elementary,5,A,100,0,,3,1,curriculum_md_structured:1,1113,3,2,True,data/kp/chinese/chn-e-essay-structure.json
chn-e-figurative-language,比喻、拟人、夸张等修辞,chinese,elementary,4,A,100,0,,4,1,curriculum_md_structured:1,1045,3,2,True,data/kp/chinese/chn-e-figurative-language.json
chn-e-homophone-polysemy,同音字、多音字与形近字,chinese,elementary,3,A,100,0,,2,1,curriculum_md_structured:1,1018,3,2,True,data/kp/chinese/chn-e-homophone-polysemy.json
chn-e-idiom-proverb,成语、谚语与歇后语,chinese,elementary,3,A,100,0,,2,1,curriculum_md_structured:1,934,3,2,True,data/kp/chinese/chn-e-idiom-proverb.json
chn-e-initials,声母,chinese,elementary,1,A,100,0,,2,1,curriculum_md_structured:1,938,3,2,True,data/kp/chinese/chn-e-initials.json
chn-e-listen-speak-basic,听故事与复述,chinese,elementary,1,A,100,0,,2,1,curriculum_md_structured:1,860,3,2,True,data/kp/chinese/chn-e-listen-speak-basic.json
chn-e-main-idea-summary,概括段落大意与文章主旨,chinese,elementary,4,A,100,0,,2,1,curriculum_md_structured:1,926,3,2,True,data/kp/chinese/chn-e-main-idea-summary.json
chn-e-narrative-writing,记叙文（写人/记事/写景/状物）,chinese,elementary,3,A,100,0,,3,1,curriculum_md_structured:1,1142,3,2,True,data/kp/chinese/chn-e-narrative-writing.json
chn-e-nasal-vowel-back,后鼻韵母,chinese,elementary,1,A,100,0,,2,1,curriculum_md_structured:1,954,3,2,True,data/kp/chinese/chn-e-nasal-vowel-back.json
chn-e-nasal-vowel-front,前鼻韵母,chinese,elementary,1,A,100,0,,2,1,curriculum_md_structured:1,943,3,2,True,data/kp/chinese/chn-e-nasal-vowel-front.json
chn-e-nasal-vowels,鼻韵母,chinese,elementary,1,A,100,0,,2,1,curriculum_md_structured:1,935,3,2,True,data/kp/chinese/chn-e-nasal-vowels.json
chn-e-non-fiction-reading,说明文与非连续性文本阅读,chinese,elementary,6,A,100,0,,2,1,curriculum_md_structured:1,922,3,2,True,data/kp/chinese/chn-e-non-fiction-reading.json
chn-e-nursery-rhyme,儿歌、童谣与浅易古诗,chinese,elementary,1,A,100,0,,2,1,curriculum_md_structured:1,935,3,2,True,data/kp/chinese/chn-e-nursery-rhyme.json
chn-e-oral-presentation,口头表达与讲述,chinese,elementary,3,A,100,0,,3,1,curriculum_md_structured:1,969,3,2,True,data/kp/chinese/chn-e-oral-presentation.json
chn-e-paragraph-analysis,段落分析,chinese,elementary,3,A,100,0,,2,1,curriculum_md_structured:1,922,3,2,True,data/kp/chinese/chn-e-paragraph-analysis.json
chn-e-paragraph-structure,自然段与意义段划分,chinese,elementary,3,A,100,0,,2,1,curriculum_md_structured:1,962,3,2,True,data/kp/chinese/chn-e-paragraph-structure.json
chn-e-paragraph-writing,段落写作,chinese,elementary,3,A,100,0,,3,1,curriculum_md_structured:1,1033,3,2,True,data/kp/chinese/chn-e-paragraph-writing.json
chn-e-parts-of-speech,词性与词类,chinese,elementary,4-6,A,100,0,,2,1,curriculum_md_structured:1,898,3,2,True,data/kp/chinese/chn-e-parts-of-speech.json
chn-e-pathological-sentence,修改病句,chinese,elementary,5,A,100,0,,2,1,curriculum_md_structured:1,897,3,2,True,data/kp/chinese/chn-e-pathological-sentence.json
chn-e-picture-writing,看图写话,chinese,elementary,1,A,100,0,,2,1,curriculum_md_structured:1,982,3,2,True,data/kp/chinese/chn-e-picture-writing.json
chn-e-pinyin-reading,拼音阅读（借助拼音识字）,chinese,elementary,1,A,100,0,,2,1,curriculum_md_structured:1,953,3,2,True,data/kp/chinese/chn-e-pinyin-reading.json
chn-e-poetry-appreciation,古诗词赏析（意境/情感/手法）,chinese,elementary,4,A,100,0,,2,1,curriculum_md_structured:1,963,3,2,True,data/kp/chinese/chn-e-poetry-appreciation.json
chn-e-poetry-imagery,古诗词意象与意境,chinese,elementary,4,A,100,0,,2,1,curriculum_md_structured:1,912,3,2,True,data/kp/chinese/chn-e-poetry-imagery.json
chn-e-poetry-recitation,古诗词背诵与默写,chinese,elementary,3,A,100,0,,2,1,curriculum_md_structured:1,895,3,2,True,data/kp/chinese/chn-e-poetry-recitation.json
chn-e-poetry-rhythm,古诗词韵律,chinese,elementary,3,A,100,0,,2,1,curriculum_md_structured:1,871,3,2,True,data/kp/chinese/chn-e-poetry-rhythm.json
chn-e-punctuation-advanced,引号、冒号、省略号、破折号,chinese,elementary,4,A,100,0,,2,1,curriculum_md_structured:1,963,3,2,True,data/kp/chinese/chn-e-punctuation-advanced.json
chn-e-punctuation-basic,基本标点符号（句号/问号/感叹号）,chinese,elementary,1,A,100,0,,2,1,curriculum_md_structured:1,1009,3,2,True,data/kp/chinese/chn-e-punctuation-basic.json
chn-e-radical-knowledge,偏旁部首与查字典,chinese,elementary,2,A,100,0,,2,1,curriculum_md_structured:1,997,3,2,True,data/kp/chinese/chn-e-radical-knowledge.json
chn-e-radical-recognition,偏旁部首,chinese,elementary,1,A,100,0,,2,1,curriculum_md_structured:1,963,3,2,True,data/kp/chinese/chn-e-radical-recognition.json
chn-e-reading-comprehension-exam,阅读理解答题方法,chinese,elementary,6,A,100,0,,3,1,curriculum_md_structured:1,1116,3,2,True,data/kp/chinese/chn-e-reading-comprehension-exam.json
chn-e-rhetoric-in-writing,运用修辞手法写作,chinese,elementary,4,A,100,0,,2,1,curriculum_md_structured:1,1006,3,2,True,data/kp/chinese/chn-e-rhetoric-in-writing.json
chn-e-rhetorical-devices,修辞手法,chinese,elementary,3,A,100,0,,2,1,curriculum_md_structured:1,889,3,2,True,data/kp/chinese/chn-e-rhetorical-devices.json
chn-e-sentence-comprehension,句子理解,chinese,elementary,2,A,100,0,,2,1,curriculum_md_structured:1,882,3,2,True,data/kp/chinese/chn-e-sentence-comprehension.json
chn-e-sentence-expansion,扩句与缩句,chinese,elementary,3,A,100,0,,2,1,curriculum_md_structured:1,973,3,2,True,data/kp/chinese/chn-e-sentence-expansion.json
chn-e-sentence-transformation,改写句子（把字句/被字句/转述句）,chinese,elementary,3,A,100,0,,2,1,curriculum_md_structured:1,1023,3,2,True,data/kp/chinese/chn-e-sentence-transformation.json
chn-e-sentence-transformations-zh,常见句式与句式变换,chinese,elementary,4-9,A,100,0,,3,1,curriculum_md_structured:1,995,3,2,True,data/kp/chinese/chn-e-sentence-transformations-zh.json
chn-e-sentence-types,陈述句、疑问句、感叹句、祈使句,chinese,elementary,2,A,100,0,,2,1,curriculum_md_structured:1,993,3,2,True,data/kp/chinese/chn-e-sentence-types.json
chn-e-sentence-writing,写话与造句,chinese,elementary,1,A,100,0,,2,1,curriculum_md_structured:1,956,3,2,True,data/kp/chinese/chn-e-sentence-writing.json
chn-e-simple-vowels,单韵母,chinese,elementary,1,A,100,0,,2,1,curriculum_md_structured:1,935,3,2,True,data/kp/chinese/chn-e-simple-vowels.json
chn-e-stroke-order,笔画与笔顺,chinese,elementary,1,A,100,0,,2,1,curriculum_md_structured:1,966,3,2,True,data/kp/chinese/chn-e-stroke-order.json
chn-e-summarization,概括与归纳,chinese,elementary,4,A,100,0,,2,1,curriculum_md_structured:1,862,3,2,True,data/kp/chinese/chn-e-summarization.json
chn-e-syllable-spelling,音节拼读与拼写,chinese,elementary,1,A,100,0,,2,1,curriculum_md_structured:1,978,3,2,True,data/kp/chinese/chn-e-syllable-spelling.json
chn-e-synonym-antonym,近义词与反义词,chinese,elementary,3,A,100,0,,3,1,curriculum_md_structured:1,1043,3,2,True,data/kp/chinese/chn-e-synonym-antonym.json
chn-e-tang-poetry,唐诗宋词名篇背诵,chinese,elementary,3,A,100,0,,2,1,curriculum_md_structured:1,895,3,2,True,data/kp/chinese/chn-e-tang-poetry.json
chn-e-text-structure,文章结构（总分总/并列/递进）,chinese,elementary,4,A,100,0,,2,1,curriculum_md_structured:1,988,3,2,True,data/kp/chinese/chn-e-text-structure.json
chn-e-tone-marks,声调与标调规则,chinese,elementary,1,A,100,0,,2,1,curriculum_md_structured:1,978,3,2,True,data/kp/chinese/chn-e-tone-marks.json
chn-e-vocabulary-expansion,词语积累与运用,chinese,elementary,2,A,100,0,,3,1,curriculum_md_structured:1,936,3,2,True,data/kp/chinese/chn-e-vocabulary-expansion.json
chn-e-whole-book-reading,整本书阅读,chinese,elementary,3-9,A,100,0,,3,1,curriculum_md_structured:1,1058,3,2,True,data/kp/chinese/chn-e-whole-book-reading.json
chn-e-word-formation,词语构成（合成词、叠词、ABB/AABB）,chinese,elementary,2,A,100,0,,3,1,curriculum_md_structured:1,1037,3,2,True,data/kp/chinese/chn-e-word-formation.json
chn-e-writing-methods,表达方法（叙述/描写/说明/议论/抒情）,chinese,elementary,5,A,100,0,,2,1,curriculum_md_structured:1,1029,3,2,True,data/kp/chinese/chn-e-writing-methods.json
chn-h-advanced-composition,高级写作技巧,chinese,high,11,A,100,0,,3,1,curriculum_md_structured:1,1167,3,2,True,data/kp/chinese/chn-h-advanced-composition.json
chn-h-argumentative-essay,议论文写作,chinese,high,10,A,100,0,,3,1,curriculum_md_structured:1,966,3,2,True,data/kp/chinese/chn-h-argumentative-essay.json
chn-h-classical-comprehensive,文言文综合鉴赏,chinese,high,12,A,100,0,,3,1,curriculum_md_structured:1,1286,3,2,True,data/kp/chinese/chn-h-classical-comprehensive.json
chn-h-classical-function-words,文言虚词,chinese,high,10,A,100,0,,3,1,curriculum_md_structured:1,1010,3,2,True,data/kp/chinese/chn-h-classical-function-words.json
chn-h-classical-grammar-h,文言句式与语法,chinese,high,10,A,100,0,,3,1,curriculum_md_structured:1,1118,3,2,True,data/kp/chinese/chn-h-classical-grammar-h.json
chn-h-classical-prose-advanced,古文经典精读,chinese,high,11,A,100,0,,3,1,curriculum_md_structured:1,1238,3,2,True,data/kp/chinese/chn-h-classical-prose-advanced.json
chn-h-classical-translation-h,文言文翻译,chinese,high,11,A,100,0,,3,1,curriculum_md_structured:1,1223,3,2,True,data/kp/chinese/chn-h-classical-translation-h.json
chn-h-classical-vocab-h,文言实词,chinese,high,10,A,100,0,,3,1,curriculum_md_structured:1,1184,3,2,True,data/kp/chinese/chn-h-classical-vocab-h.json
chn-h-countryside-china,《乡土中国》（学术论著阅读）,chinese,high,10,A,100,0,,4,1,curriculum_md_structured:1,1233,3,2,True,data/kp/chinese/chn-h-countryside-china.json
chn-h-essay-structure-h,作文审题立意与结构,chinese,high,10,A,100,0,,3,1,curriculum_md_structured:1,1054,3,2,True,data/kp/chinese/chn-h-essay-structure-h.json
chn-h-foreign-classics,外国文学经典,chinese,high,12,A,100,0,,3,1,curriculum_md_structured:1,1280,3,2,True,data/kp/chinese/chn-h-foreign-classics.json
chn-h-gaokao-essay,高考作文综合训练,chinese,high,12,A,100,0,,4,1,curriculum_md_structured:1,1253,3,2,True,data/kp/chinese/chn-h-gaokao-essay.json
chn-h-idiom-usage-h,成语辨析与运用,chinese,high,10,A,100,0,,3,1,curriculum_md_structured:1,1136,3,2,True,data/kp/chinese/chn-h-idiom-usage-h.json
chn-h-info-reading,实用类文本（论述类/信息类）,chinese,high,10,A,100,0,,2,1,curriculum_md_structured:1,1191,3,2,True,data/kp/chinese/chn-h-info-reading.json
chn-h-language-expression-h,语言表达简明连贯得体,chinese,high,11,A,100,0,,3,1,curriculum_md_structured:1,1056,3,2,True,data/kp/chinese/chn-h-language-expression-h.json
chn-h-literary-deep-analysis,文学类深度鉴赏,chinese,high,11,A,100,0,,3,1,curriculum_md_structured:1,1223,3,2,True,data/kp/chinese/chn-h-literary-deep-analysis.json
chn-h-literary-reading-h,文学类文本阅读,chinese,high,10,A,100,0,,3,1,curriculum_md_structured:1,980,3,2,True,data/kp/chinese/chn-h-literary-reading-h.json
chn-h-poetry-comparison-h,古诗词比较阅读,chinese,high,12,A,100,0,,3,1,curriculum_md_structured:1,1043,3,2,True,data/kp/chinese/chn-h-poetry-comparison-h.json
chn-h-poetry-emotion,古诗词情感主旨,chinese,high,11,A,100,0,,2,1,curriculum_md_structured:1,998,3,2,True,data/kp/chinese/chn-h-poetry-emotion.json
chn-h-poetry-expression-h,古诗词表现手法,chinese,high,10,A,100,0,,3,1,curriculum_md_structured:1,1055,3,2,True,data/kp/chinese/chn-h-poetry-expression-h.json
chn-h-poetry-imagery-h,古诗词意象与意境,chinese,high,10,A,100,0,,3,1,curriculum_md_structured:1,1051,3,2,True,data/kp/chinese/chn-h-poetry-imagery-h.json
chn-h-practical-reading,非连续性实用文本,chinese,high,10,A,100,0,,3,1,curriculum_md_structured:1,908,3,2,True,data/kp/chinese/chn-h-practical-reading.json
chn-h-red-chamber,《红楼梦》（长篇小说阅读）,chinese,high,11,A,100,0,,4,1,curriculum_md_structured:1,1272,3,2,True,data/kp/chinese/chn-h-red-chamber.json
chn-h-sentence-revision-h,病句修改与句式变换,chinese,high,10,A,100,0,,2,1,curriculum_md_structured:1,981,3,2,True,data/kp/chinese/chn-h-sentence-revision-h.json
chn-h-task-driven-writing,任务驱动型作文,chinese,high,11,A,100,0,,3,1,curriculum_md_structured:1,1126,3,2,True,data/kp/chinese/chn-h-task-driven-writing.json
chn-m-argumentative-reading,议论文阅读,chinese,middle,8,A,100,0,,3,2,local_textbook_markdown:2,1084,3,2,True,data/kp/chinese/chn-m-argumentative-reading.json
chn-m-argumentative-writing-m,议论文写作,chinese,middle,8,A,100,0,,3,2,local_textbook_markdown:2,1074,3,2,True,data/kp/chinese/chn-m-argumentative-writing-m.json
chn-m-classical-appreciation,文言文综合鉴赏,chinese,middle,9,A,100,0,,3,2,local_textbook_markdown:2,1058,3,2,True,data/kp/chinese/chn-m-classical-appreciation.json
chn-m-classical-prose,经典文言文精读,chinese,middle,8,A,100,0,,3,2,local_textbook_markdown:2,958,3,2,True,data/kp/chinese/chn-m-classical-prose.json
chn-m-classical-sentences,文言特殊句式,chinese,middle,8,A,100,0,,2,2,local_textbook_markdown:2,828,3,2,True,data/kp/chinese/chn-m-classical-sentences.json
chn-m-classical-translation,文言文翻译,chinese,middle,8,A,100,0,,2,2,local_textbook_markdown:2,816,3,2,True,data/kp/chinese/chn-m-classical-translation.json
chn-m-classical-words,文言实词与虚词,chinese,middle,7,A,100,0,,2,2,local_textbook_markdown:2,836,3,2,True,data/kp/chinese/chn-m-classical-words.json
chn-m-comprehensive-language,综合性语言运用,chinese,middle,9,A,100,0,,3,2,local_textbook_markdown:2,963,3,2,True,data/kp/chinese/chn-m-comprehensive-language.json
chn-m-descriptive-writing,描写方法与细节,chinese,middle,7,A,100,0,,3,2,local_textbook_markdown:2,1000,3,2,True,data/kp/chinese/chn-m-descriptive-writing.json
chn-m-dream-red-mansions,《红楼梦》选读,chinese,middle,9,A,100,0,,3,2,local_textbook_markdown:2,1118,3,2,True,data/kp/chinese/chn-m-dream-red-mansions.json
chn-m-erta-essay-collection,散文杂文集,chinese,middle,9,A,100,0,,3,2,local_textbook_markdown:2,1140,3,2,True,data/kp/chinese/chn-m-erta-essay-collection.json
chn-m-erta-foreign-novel,外国名著（《海底两万里》等）,chinese,middle,8,A,100,0,,3,2,local_textbook_markdown:2,1035,3,2,True,data/kp/chinese/chn-m-erta-foreign-novel.json
chn-m-erta-stories,《朝花夕拾》,chinese,middle,7,A,100,0,,3,2,local_textbook_markdown:2,1145,3,2,True,data/kp/chinese/chn-m-erta-stories.json
chn-m-erta-tales-heroes,《骆驼祥子》/《水浒传》,chinese,middle,8,A,100,0,,3,2,local_textbook_markdown:2,1158,3,2,True,data/kp/chinese/chn-m-erta-tales-heroes.json
chn-m-essay-comprehensive,综合性作文,chinese,middle,9,A,100,0,,2,2,local_textbook_markdown:2,897,3,2,True,data/kp/chinese/chn-m-essay-comprehensive.json
chn-m-expository-reading,说明文阅读,chinese,middle,7,A,100,0,,3,2,local_textbook_markdown:2,955,3,2,True,data/kp/chinese/chn-m-expository-reading.json
chn-m-journey-west,《西游记》,chinese,middle,7,A,100,0,,3,2,local_textbook_markdown:2,1147,3,2,True,data/kp/chinese/chn-m-journey-west.json
chn-m-literary-appreciation,文学类作品鉴赏,chinese,middle,9,A,100,0,,3,2,local_textbook_markdown:2,1047,3,2,True,data/kp/chinese/chn-m-literary-appreciation.json
chn-m-narrative-reading,记叙文阅读,chinese,middle,7,A,100,0,,3,2,local_textbook_markdown:2,1052,3,2,True,data/kp/chinese/chn-m-narrative-reading.json
chn-m-narrative-writing-m,记叙文写作,chinese,middle,7,A,100,0,,3,2,local_textbook_markdown:2,950,3,2,True,data/kp/chinese/chn-m-narrative-writing-m.json
chn-m-novel-reading,小说阅读,chinese,middle,8,A,100,0,,3,2,local_textbook_markdown:2,1067,3,2,True,data/kp/chinese/chn-m-novel-reading.json
chn-m-poetry-appreciation,古诗词赏析入门,chinese,middle,7,A,100,0,,3,2,local_textbook_markdown:2,1001,3,2,True,data/kp/chinese/chn-m-poetry-appreciation.json
chn-m-poetry-comparison,古诗词比较阅读,chinese,middle,9,A,100,0,,3,2,local_textbook_markdown:2,1080,3,2,True,data/kp/chinese/chn-m-poetry-comparison.json
chn-m-poetry-imagery,古诗词意象与意境,chinese,middle,8,A,100,0,,3,2,local_textbook_markdown:2,1026,3,2,True,data/kp/chinese/chn-m-poetry-imagery.json
chn-m-poetry-recitation,初中古诗词背诵,chinese,middle,7,A,100,0,,2,2,local_textbook_markdown:2,910,3,2,True,data/kp/chinese/chn-m-poetry-recitation.json
chn-m-poetry-techniques,古诗词表现手法,chinese,middle,8,A,100,0,,3,2,local_textbook_markdown:2,1068,3,2,True,data/kp/chinese/chn-m-poetry-techniques.json
chn-m-prose-reading,散文阅读,chinese,middle,8,A,100,0,,3,2,local_textbook_markdown:2,1069,3,2,True,data/kp/chinese/chn-m-prose-reading.json
chn-m-rhetoric-analysis,修辞手法赏析,chinese,middle,7,A,100,0,,3,2,local_textbook_markdown:2,898,3,2,True,data/kp/chinese/chn-m-rhetoric-analysis.json
chn-m-rhetoric-figures,常见修辞手法,chinese,middle,7,A,100,0,,3,2,local_textbook_markdown:2,920,3,2,True,data/kp/chinese/chn-m-rhetoric-figures.json
chn-m-sentence-components,句子成分分析,chinese,middle,7,A,100,0,,2,2,local_textbook_markdown:2,1210,3,2,True,data/kp/chinese/chn-m-sentence-components.json
chn-m-sentence-logic,句子逻辑与连贯,chinese,middle,8,A,100,0,,3,2,local_textbook_markdown:2,924,3,2,True,data/kp/chinese/chn-m-sentence-logic.json
chn-m-sentence-transformations-zh,句式变换与病句修改,chinese,middle,8,A,100,0,,3,2,local_textbook_markdown:2,966,3,2,True,data/kp/chinese/chn-m-sentence-transformations-zh.json
chn-m-whole-book-reading,整本书阅读方法,chinese,middle,7,A,100,0,,3,2,local_textbook_markdown:2,1118,3,2,True,data/kp/chinese/chn-m-whole-book-reading.json
chn-m-word-usage,词语辨析与运用,chinese,middle,7,A,100,0,,2,2,local_textbook_markdown:2,971,3,2,True,data/kp/chinese/chn-m-word-usage.json
eng-e-alphabet,26个英文字母,english,elementary,3,A,100,0,,3,1,local_textbook_markdown:1,1218,3,2,True,data/kp/english/eng-e-alphabet.json
eng-e-asking-directions,问路与指路,english,elementary,4,A,100,0,,4,1,local_textbook_markdown:1,1137,3,2,True,data/kp/english/eng-e-asking-directions.json
eng-e-consonant-sounds,辅音音素,english,elementary,3,A,100,0,,3,1,local_textbook_markdown:1,1226,3,2,True,data/kp/english/eng-e-consonant-sounds.json
eng-e-daily-topics-basic,日常话题简单对话,english,elementary,4,A,100,0,,3,1,local_textbook_markdown:1,1208,3,2,True,data/kp/english/eng-e-daily-topics-basic.json
eng-e-future-simple,一般将来时,english,elementary,6,A,100,0,,2,1,local_textbook_markdown:1,894,3,2,True,data/kp/english/eng-e-future-simple.json
eng-e-greetings-classroom,课堂用语与问候语,english,elementary,3,A,100,0,,3,1,local_textbook_markdown:1,948,3,2,True,data/kp/english/eng-e-greetings-classroom.json
eng-e-greetings-intro,打招呼与自我介绍,english,elementary,3,A,100,0,,3,1,local_textbook_markdown:1,948,3,2,True,data/kp/english/eng-e-greetings-intro.json
eng-e-listening-speaking,听说训练综合,english,elementary,3-6,A,100,0,,4,1,local_textbook_markdown:1,1231,3,2,True,data/kp/english/eng-e-listening-speaking.json
eng-e-nouns-articles,名词与冠词 a/an/the,english,elementary,3,A,100,0,,2,1,local_textbook_markdown:1,1368,3,2,True,data/kp/english/eng-e-nouns-articles.json
eng-e-numbers-colors,数字与颜色,english,elementary,3,A,100,0,,3,1,local_textbook_markdown:1,1039,3,2,True,data/kp/english/eng-e-numbers-colors.json
eng-e-passage-questions,语篇理解答题,english,elementary,5,A,100,0,,3,1,local_textbook_markdown:1,1000,3,2,True,data/kp/english/eng-e-passage-questions.json
eng-e-past-simple,一般过去时,english,elementary,5,A,100,0,,2,1,local_textbook_markdown:1,1067,3,2,True,data/kp/english/eng-e-past-simple.json
eng-e-phonics-blends,辅元混合拼读,english,elementary,4,A,100,0,,3,1,local_textbook_markdown:1,1140,3,2,True,data/kp/english/eng-e-phonics-blends.json
eng-e-phonics-consonants,辅音字母组合拼读,english,elementary,3,A,100,0,,4,1,local_textbook_markdown:1,1271,3,2,True,data/kp/english/eng-e-phonics-consonants.json
eng-e-phonics-rules,自然拼读基本规律,english,elementary,4,A,100,0,,4,1,local_textbook_markdown:1,1132,3,2,True,data/kp/english/eng-e-phonics-rules.json
eng-e-phonics-vowels,元音字母组合拼读,english,elementary,4,A,100,0,,3,1,local_textbook_markdown:1,1141,3,2,True,data/kp/english/eng-e-phonics-vowels.json
eng-e-prepositions,方位介词,english,elementary,4,A,100,0,,2,1,local_textbook_markdown:1,1036,3,2,True,data/kp/english/eng-e-prepositions.json
eng-e-present-continuous,现在进行时,english,elementary,5,A,100,0,,2,1,local_textbook_markdown:1,1064,3,2,True,data/kp/english/eng-e-present-continuous.json
eng-e-present-simple,一般现在时,english,elementary,4,A,100,0,,2,1,local_textbook_markdown:1,1071,3,2,True,data/kp/english/eng-e-present-simple.json
eng-e-pronouns-be-verbs,人称代词与 be 动词,english,elementary,3,A,100,0,,2,1,local_textbook_markdown:1,1104,3,2,True,data/kp/english/eng-e-pronouns-be-verbs.json
eng-e-reading-skills-primary,小学阅读技能,english,elementary,5,A,100,0,,4,1,local_textbook_markdown:1,1041,3,2,True,data/kp/english/eng-e-reading-skills-primary.json
eng-e-short-passage,简单语篇阅读,english,elementary,4,A,100,0,,3,1,local_textbook_markdown:1,954,3,2,True,data/kp/english/eng-e-short-passage.json
eng-e-simple-sentences,简单句结构,english,elementary,3,A,100,0,,2,1,local_textbook_markdown:1,1070,3,2,True,data/kp/english/eng-e-simple-sentences.json
eng-e-simple-writing,看图写话与简单作文,english,elementary,6,A,100,0,,2,1,local_textbook_markdown:1,985,3,2,True,data/kp/english/eng-e-simple-writing.json
eng-e-story-retelling,故事复述,english,elementary,6,A,100,0,,4,1,local_textbook_markdown:1,1055,3,2,True,data/kp/english/eng-e-story-retelling.json
eng-e-tenses-primary,小学阶段时态综合,english,elementary,6,A,100,0,,2,1,local_textbook_markdown:1,1078,3,2,True,data/kp/english/eng-e-tenses-primary.json
eng-e-there-be,There be 句型,english,elementary,4,A,100,0,,3,1,local_textbook_markdown:1,1140,3,2,True,data/kp/english/eng-e-there-be.json
eng-e-topic-conversation,话题式对话,english,elementary,5,A,100,0,,3,1,local_textbook_markdown:1,1086,3,2,True,data/kp/english/eng-e-topic-conversation.json
eng-e-vocab-600-words,小学 600 词累积,english,elementary,6,A,100,0,,2,1,local_textbook_markdown:1,1152,3,2,True,data/kp/english/eng-e-vocab-600-words.json
eng-e-vocab-daily-life,日常生活词汇,english,elementary,4,A,100,0,,3,1,local_textbook_markdown:1,1189,3,2,True,data/kp/english/eng-e-vocab-daily-life.json
eng-e-vocab-family-school,家庭与校园词汇,english,elementary,3,A,100,0,,3,1,local_textbook_markdown:1,1202,3,2,True,data/kp/english/eng-e-vocab-family-school.json
eng-e-vocab-nature-society,自然与社会词汇,english,elementary,5,A,100,0,,3,1,local_textbook_markdown:1,1199,3,2,True,data/kp/english/eng-e-vocab-nature-society.json
eng-e-vowel-sounds,元音音素,english,elementary,3,A,100,0,,3,1,local_textbook_markdown:1,1191,3,2,True,data/kp/english/eng-e-vowel-sounds.json
eng-e-word-reading,单词见字读音,english,elementary,5,A,100,0,,4,1,local_textbook_markdown:1,1198,3,2,True,data/kp/english/eng-e-word-reading.json
eng-e-writing-skills-primary,小学写作技能,english,elementary,6,A,100,0,,3,1,local_textbook_markdown:1,999,3,2,True,data/kp/english/eng-e-writing-skills-primary.json
eng-h-advanced-grammar,语法综合进阶,english,high,10,A,100,0,,3,1,local_textbook_markdown:1,1045,3,2,True,data/kp/english/eng-h-advanced-grammar.json
eng-h-adverbial-clauses-h,状语从句,english,high,10,A,100,0,,2,1,local_textbook_markdown:1,1023,3,2,True,data/kp/english/eng-h-adverbial-clauses-h.json
eng-h-application-letter,应用文写作（书信/邮件）,english,high,10,A,100,0,,2,1,local_textbook_markdown:1,1109,3,2,True,data/kp/english/eng-h-application-letter.json
eng-h-attributive-clauses-h,定语从句,english,high,10,A,100,0,,2,1,local_textbook_markdown:1,999,3,2,True,data/kp/english/eng-h-attributive-clauses-h.json
eng-h-cloze-comprehensive,完形填空综合,english,high,11,A,100,0,,3,1,local_textbook_markdown:1,1354,3,2,True,data/kp/english/eng-h-cloze-comprehensive.json
eng-h-cloze-narrative,完形填空（记叙型）,english,high,10,A,100,0,,3,1,local_textbook_markdown:1,1173,3,2,True,data/kp/english/eng-h-cloze-narrative.json
eng-h-context-vocab,语境词义推断,english,high,12,A,100,0,,3,1,local_textbook_markdown:1,1067,3,2,True,data/kp/english/eng-h-context-vocab.json
eng-h-continuation-writing,读后续写,english,high,11,A,100,0,,3,1,local_textbook_markdown:1,1201,3,2,True,data/kp/english/eng-h-continuation-writing.json
eng-h-essay-writing,议论文/记叙文写作,english,high,10,A,100,0,,3,1,local_textbook_markdown:1,1046,3,2,True,data/kp/english/eng-h-essay-writing.json
eng-h-listening-long-h,长对话与独白听力,english,high,11,A,100,0,,2,1,local_textbook_markdown:1,1086,3,2,True,data/kp/english/eng-h-listening-long-h.json
eng-h-listening-short-h,短对话听力,english,high,10,A,100,0,,3,1,local_textbook_markdown:1,1210,3,2,True,data/kp/english/eng-h-listening-short-h.json
eng-h-non-finite-h,非谓语动词,english,high,11,A,100,0,,3,1,local_textbook_markdown:1,1103,3,2,True,data/kp/english/eng-h-non-finite-h.json
eng-h-noun-clauses,名词性从句,english,high,10,A,100,0,,2,1,local_textbook_markdown:1,1040,3,2,True,data/kp/english/eng-h-noun-clauses.json
eng-h-reading-7-choose-5,七选五语篇填空,english,high,11,A,100,0,,3,1,local_textbook_markdown:1,1321,3,2,True,data/kp/english/eng-h-reading-7-choose-5.json
eng-h-reading-comprehension-advanced,高阶阅读综合,english,high,12,A,100,0,,3,1,local_textbook_markdown:1,1111,3,2,True,data/kp/english/eng-h-reading-comprehension-advanced.json
eng-h-reading-detail-h,阅读细节题,english,high,10,A,100,0,,3,1,local_textbook_markdown:1,1261,3,2,True,data/kp/english/eng-h-reading-detail-h.json
eng-h-reading-inference-h,阅读推理题,english,high,10,A,100,0,,3,1,local_textbook_markdown:1,1260,3,2,True,data/kp/english/eng-h-reading-inference-h.json
eng-h-reading-purpose,阅读主旨与目的题,english,high,11,A,100,0,,3,1,local_textbook_markdown:1,1159,3,2,True,data/kp/english/eng-h-reading-purpose.json
eng-h-special-sentences,特殊句式（倒装/强调/省略）,english,high,12,A,100,0,,2,1,local_textbook_markdown:1,1079,3,2,True,data/kp/english/eng-h-special-sentences.json
eng-h-subjunctive-mood,虚拟语气,english,high,11,A,100,0,,2,1,local_textbook_markdown:1,999,3,2,True,data/kp/english/eng-h-subjunctive-mood.json
eng-h-summary-writing,概要写作,english,high,12,A,100,0,,3,1,local_textbook_markdown:1,1271,3,2,True,data/kp/english/eng-h-summary-writing.json
eng-h-tense-system,时态与语态系统,english,high,10,A,100,0,,3,1,local_textbook_markdown:1,1050,3,2,True,data/kp/english/eng-h-tense-system.json
eng-h-vocab-3500,高中 3500 词汇,english,high,11,A,100,0,,3,1,local_textbook_markdown:1,1052,3,2,True,data/kp/english/eng-h-vocab-3500.json
eng-h-word-formation-h,构词法（派生/合成/转化）,english,high,10,A,100,0,,2,1,local_textbook_markdown:1,1060,3,2,True,data/kp/english/eng-h-word-formation-h.json
eng-m-adverbial-clause,状语从句,english,middle,9,A,100,0,,3,1,local_textbook_markdown:1,1058,3,2,True,data/kp/english/eng-m-adverbial-clause.json
eng-m-attributive-clause,定语从句,english,middle,9,A,100,0,,3,1,local_textbook_markdown:1,1194,3,2,True,data/kp/english/eng-m-attributive-clause.json
eng-m-basic-writing,基础写作（短文/书信/邮件）,english,middle,9,A,100,0,,3,1,local_textbook_markdown:1,1171,3,2,True,data/kp/english/eng-m-basic-writing.json
eng-m-cloze-test,完形填空,english,middle,8,A,100,0,,3,1,local_textbook_markdown:1,1015,3,2,True,data/kp/english/eng-m-cloze-test.json
eng-m-curriculum-vocabulary,课标核心词汇（1600词）,english,middle,7,A,100,0,,3,1,local_textbook_markdown:1,1208,3,2,True,data/kp/english/eng-m-curriculum-vocabulary.json
eng-m-ipa-transcription,国际音标（IPA）,english,middle,7,A,100,0,,2,1,local_textbook_markdown:1,1133,3,2,True,data/kp/english/eng-m-ipa-transcription.json
eng-m-listening-basic,基础听力（对话/短文）,english,middle,7,A,100,0,,3,1,local_textbook_markdown:1,1200,3,2,True,data/kp/english/eng-m-listening-basic.json
eng-m-listening-long,长对话与语段听力,english,middle,8,A,100,0,,3,1,local_textbook_markdown:1,990,3,2,True,data/kp/english/eng-m-listening-long.json
eng-m-modal-verbs,情态动词（can/may/must/should）,english,middle,8,A,100,0,,3,1,local_textbook_markdown:1,1362,3,2,True,data/kp/english/eng-m-modal-verbs.json
eng-m-nouns-articles,名词、代词与冠词,english,middle,7,A,100,0,,3,1,local_textbook_markdown:1,1226,3,2,True,data/kp/english/eng-m-nouns-articles.json
eng-m-object-clause,宾语从句,english,middle,8,A,100,0,,3,1,local_textbook_markdown:1,1194,3,2,True,data/kp/english/eng-m-object-clause.json
eng-m-oral-topic,话题口语表达,english,middle,9,A,100,0,,3,1,local_textbook_markdown:1,1043,3,2,True,data/kp/english/eng-m-oral-topic.json
eng-m-passive-voice,被动语态,english,middle,8,A,100,0,,3,1,local_textbook_markdown:1,1194,3,2,True,data/kp/english/eng-m-passive-voice.json
eng-m-phrasal-verbs,动词短语,english,middle,9,A,100,0,,2,1,local_textbook_markdown:1,1141,3,2,True,data/kp/english/eng-m-phrasal-verbs.json
eng-m-reading-strategies,阅读策略（略读/扫读/精读）,english,middle,7,A,100,0,,3,1,local_textbook_markdown:1,1064,3,2,True,data/kp/english/eng-m-reading-strategies.json
eng-m-sentence-patterns,基本句型与复合句,english,middle,8,A,100,0,,3,1,local_textbook_markdown:1,1181,3,2,True,data/kp/english/eng-m-sentence-patterns.json
eng-m-tenses-future,一般将来时与过去将来时,english,middle,8,A,100,0,,3,1,local_textbook_markdown:1,1250,3,2,True,data/kp/english/eng-m-tenses-future.json
eng-m-tenses-past,一般过去时与过去进行时,english,middle,7,A,100,0,,3,1,local_textbook_markdown:1,1118,3,2,True,data/kp/english/eng-m-tenses-past.json
eng-m-tenses-perfect,现在完成时与过去完成时,english,middle,8,A,100,0,,3,1,local_textbook_markdown:1,1250,3,2,True,data/kp/english/eng-m-tenses-perfect.json
eng-m-tenses-present,一般现在时与现在进行时,english,middle,7,A,100,0,,3,1,local_textbook_markdown:1,1250,3,2,True,data/kp/english/eng-m-tenses-present.json
eng-m-text-types,语篇类型识别（记叙/说明/议论）,english,middle,8,A,100,0,,3,1,local_textbook_markdown:1,1172,3,2,True,data/kp/english/eng-m-text-types.json
eng-m-theme-vocabulary,主题词汇（校园/家庭/社会/自然）,english,middle,8,A,100,0,,3,1,local_textbook_markdown:1,1267,3,2,True,data/kp/english/eng-m-theme-vocabulary.json
eng-m-word-formation-en,构词法（前缀/后缀/合成）,english,middle,8,A,100,0,,3,1,local_textbook_markdown:1,1145,3,2,True,data/kp/english/eng-m-word-formation-en.json
geo-h-agriculture,农业,geography,high,11,A,100,0,,3,1,curriculum_md_structured:1,916,3,2,True,data/kp/geography/geo-h-agriculture.json
geo-h-agriculture-location,农业区位因素,geography,high,11,A,100,0,,3,1,curriculum_md_structured:1,950,3,2,True,data/kp/geography/geo-h-agriculture-location.json
geo-h-agriculture-types,主要农业地域类型,geography,high,11,A,100,0,,2,1,curriculum_md_structured:1,904,3,2,True,data/kp/geography/geo-h-agriculture-types.json
geo-h-atmosphere,大气圈综合,geography,high,10,A,100,0,,3,1,curriculum_md_structured:1,972,3,2,True,data/kp/geography/geo-h-atmosphere.json
geo-h-atmospheric-circulation,大气环流（三圈环流）,geography,high,10,A,100,0,,3,1,curriculum_md_structured:1,1077,3,2,True,data/kp/geography/geo-h-atmospheric-circulation.json
geo-h-atmospheric-heating,大气的受热过程,geography,high,10,A,100,0,,3,1,curriculum_md_structured:1,950,3,2,True,data/kp/geography/geo-h-atmospheric-heating.json
geo-h-climate-change,全球气候变化,geography,high,10,A,100,0,,2,1,curriculum_md_structured:1,930,3,2,True,data/kp/geography/geo-h-climate-change.json
geo-h-climate-types,气候类型与分布,geography,high,10,A,100,0,,3,1,curriculum_md_structured:1,1048,3,2,True,data/kp/geography/geo-h-climate-types.json
geo-h-crustal-movement,地壳运动,geography,high,10,A,100,0,,3,1,curriculum_md_structured:1,940,3,2,True,data/kp/geography/geo-h-crustal-movement.json
geo-h-earth-in-universe,地球的宇宙环境,geography,high,10,A,100,0,,2,1,curriculum_md_structured:1,884,3,2,True,data/kp/geography/geo-h-earth-in-universe.json
geo-h-earth-motion,地球运动综合,geography,high,10,A,100,0,,2,1,curriculum_md_structured:1,865,3,2,True,data/kp/geography/geo-h-earth-motion.json
geo-h-earth-revolution,地球的公转（黄赤交角/正午太阳高度）,geography,high,10,A,100,0,,2,1,curriculum_md_structured:1,961,3,2,True,data/kp/geography/geo-h-earth-revolution.json
geo-h-earth-rotation,地球的自转（地方时/地转偏向力）,geography,high,10,A,100,0,,2,1,curriculum_md_structured:1,945,3,2,True,data/kp/geography/geo-h-earth-rotation.json
geo-h-earth-structure,地球的内部圈层与结构,geography,high,10,A,100,0,,2,1,curriculum_md_structured:1,864,3,2,True,data/kp/geography/geo-h-earth-structure.json
geo-h-environmental-issues,环境问题,geography,high,11,A,100,0,,4,1,curriculum_md_structured:1,972,3,2,True,data/kp/geography/geo-h-environmental-issues.json
geo-h-global-circulation,全球性大气环流,geography,high,10,A,100,0,,2,1,curriculum_md_structured:1,1016,3,2,True,data/kp/geography/geo-h-global-circulation.json
geo-h-hydrosphere,水圈综合,geography,high,10,A,100,0,,2,1,curriculum_md_structured:1,856,3,2,True,data/kp/geography/geo-h-hydrosphere.json
geo-h-industry-cluster,工业地域与工业集聚,geography,high,11,A,100,0,,3,1,curriculum_md_structured:1,961,3,2,True,data/kp/geography/geo-h-industry-cluster.json
geo-h-industry-location,工业区位,geography,high,11,A,100,0,,3,1,curriculum_md_structured:1,921,3,2,True,data/kp/geography/geo-h-industry-location.json
geo-h-industry-services,工业与服务业,geography,high,11,A,100,0,,3,1,curriculum_md_structured:1,937,3,2,True,data/kp/geography/geo-h-industry-services.json
geo-h-landforms,主要地貌类型,geography,high,10,A,100,0,,3,1,curriculum_md_structured:1,973,3,2,True,data/kp/geography/geo-h-landforms.json
geo-h-monsoon-system,季风系统,geography,high,10,A,100,0,,3,1,curriculum_md_structured:1,1029,3,2,True,data/kp/geography/geo-h-monsoon-system.json
geo-h-natural-disaster,自然灾害,geography,high,10,A,100,0,,3,1,curriculum_md_structured:1,914,3,2,True,data/kp/geography/geo-h-natural-disaster.json
geo-h-natural-integrity,自然地理环境整体性,geography,high,10,A,100,0,,3,1,curriculum_md_structured:1,964,3,2,True,data/kp/geography/geo-h-natural-integrity.json
geo-h-natural-zones,自然地理环境差异性（自然带）,geography,high,10,A,100,0,,3,1,curriculum_md_structured:1,1039,3,2,True,data/kp/geography/geo-h-natural-zones.json
geo-h-ocean-current,洋流,geography,high,10,A,100,0,,3,1,curriculum_md_structured:1,973,3,2,True,data/kp/geography/geo-h-ocean-current.json
geo-h-plate-tectonics,板块构造理论,geography,high,10,A,100,0,,3,1,curriculum_md_structured:1,910,3,2,True,data/kp/geography/geo-h-plate-tectonics.json
geo-h-population-growth,人口增长与分布,geography,high,11,A,100,0,,3,1,curriculum_md_structured:1,1064,3,2,True,data/kp/geography/geo-h-population-growth.json
geo-h-population-migration,人口迁移,geography,high,11,A,100,0,,3,1,curriculum_md_structured:1,1040,3,2,True,data/kp/geography/geo-h-population-migration.json
geo-h-population-urbanization,人口与城市化综合,geography,high,11,A,100,0,,3,1,curriculum_md_structured:1,962,3,2,True,data/kp/geography/geo-h-population-urbanization.json
geo-h-resource-energy,自然资源与能源,geography,high,11,A,100,0,,4,1,curriculum_md_structured:1,990,3,2,True,data/kp/geography/geo-h-resource-energy.json
geo-h-river-features,河流特征与开发利用,geography,high,10,A,100,0,,3,1,curriculum_md_structured:1,924,3,2,True,data/kp/geography/geo-h-river-features.json
geo-h-service-location,服务业区位,geography,high,11,A,100,0,,3,1,curriculum_md_structured:1,940,3,2,True,data/kp/geography/geo-h-service-location.json
geo-h-sustainable-development,可持续发展理念与实践,geography,high,11,A,100,0,,4,1,curriculum_md_structured:1,1063,3,2,True,data/kp/geography/geo-h-sustainable-development.json
geo-h-transportation,交通运输布局,geography,high,11,A,100,0,,2,1,curriculum_md_structured:1,858,3,2,True,data/kp/geography/geo-h-transportation.json
geo-h-transportation-communication,交通与区域发展,geography,high,11,A,100,0,,3,1,curriculum_md_structured:1,913,3,2,True,data/kp/geography/geo-h-transportation-communication.json
geo-h-urban-problems,城市化问题与城市规划,geography,high,11,A,100,0,,4,1,curriculum_md_structured:1,1012,3,2,True,data/kp/geography/geo-h-urban-problems.json
geo-h-urban-structure,城市空间结构,geography,high,11,A,100,0,,3,1,curriculum_md_structured:1,985,3,2,True,data/kp/geography/geo-h-urban-structure.json
geo-h-urbanization,城市化,geography,high,11,A,100,0,,3,1,curriculum_md_structured:1,909,3,2,True,data/kp/geography/geo-h-urbanization.json
geo-h-vegetation-soil,植被与土壤,geography,high,10,A,100,0,,4,1,curriculum_md_structured:1,996,3,2,True,data/kp/geography/geo-h-vegetation-soil.json
geo-h-water-cycle,水循环,geography,high,10,A,100,0,,3,1,curriculum_md_structured:1,874,3,2,True,data/kp/geography/geo-h-water-cycle.json
geo-h-weather-system,常见天气系统,geography,high,10,A,100,0,,3,1,curriculum_md_structured:1,1037,3,2,True,data/kp/geography/geo-h-weather-system.json
geo-m-china-agriculture,中国农业,geography,middle,8,A,100,0,,2,1,curriculum_md_structured:1,951,3,2,True,data/kp/geography/geo-m-china-agriculture.json
geo-m-china-climate,中国气候,geography,middle,8,A,100,0,,2,1,curriculum_md_structured:1,960,3,2,True,data/kp/geography/geo-m-china-climate.json
geo-m-china-industry,中国工业,geography,middle,8,A,100,0,,2,1,curriculum_md_structured:1,986,3,2,True,data/kp/geography/geo-m-china-industry.json
geo-m-china-location,中国的地理位置与疆域,geography,middle,8,A,100,0,,2,1,curriculum_md_structured:1,1079,3,2,True,data/kp/geography/geo-m-china-location.json
geo-m-china-overview,中国地理总论,geography,middle,8,A,100,0,,3,1,curriculum_md_structured:1,1112,3,2,True,data/kp/geography/geo-m-china-overview.json
geo-m-china-population,中国人口与民族,geography,middle,8,A,100,0,,2,1,curriculum_md_structured:1,877,3,2,True,data/kp/geography/geo-m-china-population.json
geo-m-china-regions,中国四大地理区域,geography,middle,8,A,100,0,,3,1,curriculum_md_structured:1,998,3,2,True,data/kp/geography/geo-m-china-regions.json
geo-m-china-resources,中国自然资源,geography,middle,8,A,100,0,,2,1,curriculum_md_structured:1,1001,3,2,True,data/kp/geography/geo-m-china-resources.json
geo-m-china-rivers,中国河流湖泊,geography,middle,8,A,100,0,,2,1,curriculum_md_structured:1,966,3,2,True,data/kp/geography/geo-m-china-rivers.json
geo-m-china-terrain,中国地形与地势,geography,middle,8,A,100,0,,2,1,curriculum_md_structured:1,958,3,2,True,data/kp/geography/geo-m-china-terrain.json
geo-m-china-transportation,中国交通运输,geography,middle,8,A,100,0,,2,1,curriculum_md_structured:1,968,3,2,True,data/kp/geography/geo-m-china-transportation.json
geo-m-climate-basics,气候基础（天气/气温/降水）,geography,middle,7,A,100,0,,3,1,curriculum_md_structured:1,982,3,2,True,data/kp/geography/geo-m-climate-basics.json
geo-m-climate-m,世界气候类型与分布,geography,middle,7,A,100,0,,3,1,curriculum_md_structured:1,1057,3,2,True,data/kp/geography/geo-m-climate-m.json
geo-m-continents-oceans,大洲大洋与海陆变迁,geography,middle,7,A,100,0,,3,1,curriculum_md_structured:1,980,3,2,True,data/kp/geography/geo-m-continents-oceans.json
geo-m-earth-basics,地球基础知识,geography,middle,7,A,100,0,,3,1,curriculum_md_structured:1,1082,3,2,True,data/kp/geography/geo-m-earth-basics.json
geo-m-earth-motion-m,地球的自转与公转,geography,middle,7,A,100,0,,4,1,curriculum_md_structured:1,982,3,2,True,data/kp/geography/geo-m-earth-motion-m.json
geo-m-earth-shape-size,地球的形状与大小,geography,middle,7,A,100,0,,2,1,curriculum_md_structured:1,1015,3,2,True,data/kp/geography/geo-m-earth-shape-size.json
geo-m-four-regions,北方、南方、西北、青藏地区,geography,middle,8,A,100,0,,2,1,curriculum_md_structured:1,976,3,2,True,data/kp/geography/geo-m-four-regions.json
geo-m-globe-coordinates,经纬网与地球坐标,geography,middle,7,A,100,0,,3,1,curriculum_md_structured:1,936,3,2,True,data/kp/geography/geo-m-globe-coordinates.json
geo-m-map-reading,地图的阅读（比例尺/方向/图例）,geography,middle,7,A,100,0,,2,1,curriculum_md_structured:1,932,3,2,True,data/kp/geography/geo-m-map-reading.json
geo-m-north-south,北方与南方地区对比,geography,middle,8,A,100,0,,2,1,curriculum_md_structured:1,1032,3,2,True,data/kp/geography/geo-m-north-south.json
geo-m-northwest-qinghai,西北与青藏地区,geography,middle,8,A,100,0,,2,1,curriculum_md_structured:1,1016,3,2,True,data/kp/geography/geo-m-northwest-qinghai.json
geo-m-pearl-river-delta,珠江三角洲,geography,middle,8,A,100,0,,2,1,curriculum_md_structured:1,1000,3,2,True,data/kp/geography/geo-m-pearl-river-delta.json
geo-m-population-distribution,世界人口与人种,geography,middle,7,A,100,0,,3,1,curriculum_md_structured:1,981,3,2,True,data/kp/geography/geo-m-population-distribution.json
geo-m-seasons-m,四季更替与昼夜长短,geography,middle,7,A,100,0,,3,1,curriculum_md_structured:1,951,3,2,True,data/kp/geography/geo-m-seasons-m.json
geo-m-terrain-types,世界地形类型,geography,middle,7,A,100,0,,2,1,curriculum_md_structured:1,980,3,2,True,data/kp/geography/geo-m-terrain-types.json
geo-m-topographic-map,等高线与地形图,geography,middle,7,A,100,0,,2,1,curriculum_md_structured:1,1006,3,2,True,data/kp/geography/geo-m-topographic-map.json
geo-m-world-countries,世界主要国家（日/俄/美/澳/巴西等）,geography,middle,7,A,100,0,,4,1,curriculum_md_structured:1,1215,3,2,True,data/kp/geography/geo-m-world-countries.json
geo-m-world-regions,世界地理分区,geography,middle,7,A,100,0,,3,1,curriculum_md_structured:1,1004,3,2,True,data/kp/geography/geo-m-world-regions.json
geo-m-yangtze-delta,长江三角洲,geography,middle,8,A,100,0,,2,1,curriculum_md_structured:1,946,3,2,True,data/kp/geography/geo-m-yangtze-delta.json
hist-h-age-of-exploration,新航路开辟与殖民扩张,history,high,11,A,100,0,,2,4,local_textbook_markdown:4,1164,3,2,True,data/kp/history/hist-h-age-of-exploration.json
hist-h-ancient-civ,中华文明起源（史前·新石器）,history,high,10,A,100,0,,2,4,local_textbook_markdown:4,1073,3,2,True,data/kp/history/hist-h-ancient-civ.json
hist-h-ancient-civ-h,古代亚非欧文明,history,high,11,A,100,0,,3,4,local_textbook_markdown:4,1270,3,2,True,data/kp/history/hist-h-ancient-civ-h.json
hist-h-ancient-culture,中国古代思想文化,history,high,10,A,100,0,,3,4,local_textbook_markdown:4,1067,3,2,True,data/kp/history/hist-h-ancient-culture.json
hist-h-ancient-economy,古代经济（农业/手工业/商业）,history,high,10,A,100,0,,2,4,local_textbook_markdown:4,1031,3,2,True,data/kp/history/hist-h-ancient-economy.json
hist-h-ancient-thought,古代思想文化（儒/道/法/佛）,history,high,10,A,100,0,,2,4,local_textbook_markdown:4,1191,3,2,True,data/kp/history/hist-h-ancient-thought.json
hist-h-bourgeois-revolution,资产阶级革命与资本主义制度确立,history,high,11,A,100,0,,3,4,local_textbook_markdown:4,1093,3,2,True,data/kp/history/hist-h-bourgeois-revolution.json
hist-h-classical-civ,古典文明（希腊/罗马）,history,high,11,A,100,0,,3,4,local_textbook_markdown:4,924,3,2,True,data/kp/history/hist-h-classical-civ.json
hist-h-cold-war-h,冷战格局,history,high,12,A,100,0,,3,4,local_textbook_markdown:4,1023,3,2,True,data/kp/history/hist-h-cold-war-h.json
hist-h-colonialism-liberation,世界殖民体系与亚非拉民族独立运动,history,high,11,A,100,0,,3,4,local_textbook_markdown:4,1094,3,2,True,data/kp/history/hist-h-colonialism-liberation.json
hist-h-cultural-thought-history,文化史与思想史,history,high,12,A,100,0,,3,4,local_textbook_markdown:4,1200,3,2,True,data/kp/history/hist-h-cultural-thought-history.json
hist-h-early-state,中华文明的起源与早期国家,history,high,10,A,100,0,,2,4,local_textbook_markdown:4,1035,3,2,True,data/kp/history/hist-h-early-state.json
hist-h-economic-history,经济史与社会生活,history,high,11,A,100,0,,3,4,local_textbook_markdown:4,1166,3,2,True,data/kp/history/hist-h-economic-history.json
hist-h-enlightenment,文艺复兴、宗教改革与启蒙运动,history,high,11,A,100,0,,2,4,local_textbook_markdown:4,1221,3,2,True,data/kp/history/hist-h-enlightenment.json
hist-h-feudal-system,秦汉统一与中央集权制度,history,high,10,A,100,0,,2,4,local_textbook_markdown:4,1054,3,2,True,data/kp/history/hist-h-feudal-system.json
hist-h-globalization-h,全球化与多极化,history,high,12,A,100,0,,3,4,local_textbook_markdown:4,1034,3,2,True,data/kp/history/hist-h-globalization-h.json
hist-h-ideological-liberation,思想解放潮流,history,high,12,A,100,0,,3,4,local_textbook_markdown:4,948,3,2,True,data/kp/history/hist-h-ideological-liberation.json
hist-h-imperial-system,隋唐至明清政治制度演变,history,high,10,A,100,0,,2,4,local_textbook_markdown:4,1064,3,2,True,data/kp/history/hist-h-imperial-system.json
hist-h-industrial-rev-h,工业革命,history,high,11,A,100,0,,2,4,local_textbook_markdown:4,1035,3,2,True,data/kp/history/hist-h-industrial-rev-h.json
hist-h-marxism-russian,马克思主义与俄国革命,history,high,11,A,100,0,,2,4,local_textbook_markdown:4,1123,3,2,True,data/kp/history/hist-h-marxism-russian.json
hist-h-medieval-h,中古时期（欧洲/亚洲/非洲美洲）,history,high,11,A,100,0,,3,4,local_textbook_markdown:4,1088,3,2,True,data/kp/history/hist-h-medieval-h.json
hist-h-new-democracy,新民主主义革命,history,high,10,A,100,0,,2,4,local_textbook_markdown:4,1171,3,2,True,data/kp/history/hist-h-new-democracy.json
hist-h-opium-war-h,鸦片战争与近代中国,history,high,10,A,100,0,,2,4,local_textbook_markdown:4,1101,3,2,True,data/kp/history/hist-h-opium-war-h.json
hist-h-political-system-evolution,中外政治制度演变,history,high,11,A,100,0,,3,4,local_textbook_markdown:4,1172,3,2,True,data/kp/history/hist-h-political-system-evolution.json
hist-h-prc-establishment,中华人民共和国成立,history,high,11,A,100,0,,2,4,local_textbook_markdown:4,1116,3,2,True,data/kp/history/hist-h-prc-establishment.json
hist-h-pre-qin,先秦（夏商周·春秋战国）,history,high,10,A,100,0,,3,4,local_textbook_markdown:4,971,3,2,True,data/kp/history/hist-h-pre-qin.json
hist-h-qin-han-empire,秦汉帝国,history,high,10,A,100,0,,2,4,local_textbook_markdown:4,998,3,2,True,data/kp/history/hist-h-qin-han-empire.json
hist-h-reform-comparison,中外改革比较,history,high,12,A,100,0,,2,4,local_textbook_markdown:4,2528,3,2,True,data/kp/history/hist-h-reform-comparison.json
hist-h-reform-opening,改革开放,history,high,11,A,100,0,,2,4,local_textbook_markdown:4,1049,3,2,True,data/kp/history/hist-h-reform-opening.json
hist-h-reform-revolution-h,戊戌变法与辛亥革命,history,high,10,A,100,0,,2,4,local_textbook_markdown:4,1122,3,2,True,data/kp/history/hist-h-reform-revolution-h.json
hist-h-science-technology-h,科技史,history,high,12,A,100,0,,3,4,local_textbook_markdown:4,992,3,2,True,data/kp/history/hist-h-science-technology-h.json
hist-h-semi-colonial,半殖民地半封建社会的形成,history,high,10,A,100,0,,2,4,local_textbook_markdown:4,1136,3,2,True,data/kp/history/hist-h-semi-colonial.json
hist-h-song-yuan-ming-qing-h,宋元明清,history,high,10,A,100,0,,2,4,local_textbook_markdown:4,1168,3,2,True,data/kp/history/hist-h-song-yuan-ming-qing-h.json
hist-h-two-world-wars,两次世界大战,history,high,12,A,100,0,,3,4,local_textbook_markdown:4,1089,3,2,True,data/kp/history/hist-h-two-world-wars.json
hist-h-wei-jin-tang,三国两晋南北朝与隋唐,history,high,10,A,100,0,,2,4,local_textbook_markdown:4,1097,3,2,True,data/kp/history/hist-h-wei-jin-tang.json
hist-h-xinhai-modern,辛亥革命与民国建立,history,high,10,A,100,0,,2,4,local_textbook_markdown:4,982,3,2,True,data/kp/history/hist-h-xinhai-modern.json
hist-m-american-revolution,美国独立战争,history,middle,9,A,100,0,,3,4,local_textbook_markdown:4,930,3,2,True,data/kp/history/hist-m-american-revolution.json
hist-m-ancient-civilizations,古代亚非文明（古埃及/古巴比伦/古印度）,history,middle,9,A,100,0,,3,4,local_textbook_markdown:4,1107,3,2,True,data/kp/history/hist-m-ancient-civilizations.json
hist-m-ancient-culture,中国古代文化成就,history,middle,7,A,100,0,,4,4,local_textbook_markdown:4,1054,3,2,True,data/kp/history/hist-m-ancient-culture.json
hist-m-anti-japan-war,抗日战争,history,middle,8,A,100,0,,3,4,local_textbook_markdown:4,1169,3,2,True,data/kp/history/hist-m-anti-japan-war.json
hist-m-china-reform-opening,改革开放与中国特色社会主义,history,middle,8,A,100,0,,2,4,local_textbook_markdown:4,939,3,2,True,data/kp/history/hist-m-china-reform-opening.json
hist-m-cold-war,冷战格局,history,middle,9,A,100,0,,3,4,local_textbook_markdown:4,963,3,2,True,data/kp/history/hist-m-cold-war.json
hist-m-cpc-founding,中国共产党的诞生,history,middle,8,A,100,0,,3,4,local_textbook_markdown:4,1144,3,2,True,data/kp/history/hist-m-cpc-founding.json
hist-m-decolonization,亚非拉民族解放运动,history,middle,9,A,100,0,,2,4,local_textbook_markdown:4,908,3,2,True,data/kp/history/hist-m-decolonization.json
hist-m-early-civilizations,早期国家的形成,history,middle,7,A,100,0,,4,4,local_textbook_markdown:4,1269,3,2,True,data/kp/history/hist-m-early-civilizations.json
hist-m-english-revolution,英国资产阶级革命,history,middle,9,A,100,0,,2,4,local_textbook_markdown:4,966,3,2,True,data/kp/history/hist-m-english-revolution.json
hist-m-french-revolution,法国大革命,history,middle,9,A,100,0,,2,4,local_textbook_markdown:4,921,3,2,True,data/kp/history/hist-m-french-revolution.json
hist-m-globalization,全球化与多极化,history,middle,9,A,100,0,,2,4,local_textbook_markdown:4,1149,3,2,True,data/kp/history/hist-m-globalization.json
hist-m-greece-rome,古希腊与古罗马文明,history,middle,9,A,100,0,,2,4,local_textbook_markdown:4,946,3,2,True,data/kp/history/hist-m-greece-rome.json
hist-m-imperial-unification,秦汉统一多民族国家,history,middle,7,A,100,0,,3,4,local_textbook_markdown:4,1119,3,2,True,data/kp/history/hist-m-imperial-unification.json
hist-m-industrial-revolution,工业革命,history,middle,9,A,100,0,,2,4,local_textbook_markdown:4,913,3,2,True,data/kp/history/hist-m-industrial-revolution.json
hist-m-industrial-revolution-modernization,工业革命与近代化,history,middle,9,A,100,0,,3,4,local_textbook_markdown:4,984,3,2,True,data/kp/history/hist-m-industrial-revolution-modernization.json
hist-m-liberation-war,解放战争,history,middle,8,A,100,0,,3,4,local_textbook_markdown:4,1002,3,2,True,data/kp/history/hist-m-liberation-war.json
hist-m-may-fourth-movement,五四运动,history,middle,8,A,100,0,,3,4,local_textbook_markdown:4,1156,3,2,True,data/kp/history/hist-m-may-fourth-movement.json
hist-m-medieval-europe,中世纪欧洲,history,middle,9,A,100,0,,2,4,local_textbook_markdown:4,949,3,2,True,data/kp/history/hist-m-medieval-europe.json
hist-m-ming-qing-decline,明清衰落与闭关锁国,history,middle,7,A,100,0,,3,4,local_textbook_markdown:4,1334,3,2,True,data/kp/history/hist-m-ming-qing-decline.json
hist-m-ming-qing-economy,明清经济发展与对外关系,history,middle,7,A,100,0,,2,4,local_textbook_markdown:4,923,3,2,True,data/kp/history/hist-m-ming-qing-economy.json
hist-m-modern-china-development,新中国成立与发展,history,middle,8,A,100,0,,2,4,local_textbook_markdown:4,1025,3,2,True,data/kp/history/hist-m-modern-china-development.json
hist-m-modern-world-formation,资本主义制度初步确立,history,middle,9,A,100,0,,3,4,local_textbook_markdown:4,988,3,2,True,data/kp/history/hist-m-modern-world-formation.json
hist-m-mongol-empire,蒙古崛起与元朝统一,history,middle,7,A,100,0,,2,4,local_textbook_markdown:4,907,3,2,True,data/kp/history/hist-m-mongol-empire.json
hist-m-new-democratic-revolution,新民主主义革命,history,middle,8,A,100,0,,2,4,local_textbook_markdown:4,1076,3,2,True,data/kp/history/hist-m-new-democratic-revolution.json
hist-m-northern-expedition,北伐战争与南京国民政府,history,middle,8,A,100,0,,3,4,local_textbook_markdown:4,1102,3,2,True,data/kp/history/hist-m-northern-expedition.json
hist-m-opium-war,鸦片战争,history,middle,8,A,100,0,,2,4,local_textbook_markdown:4,885,3,2,True,data/kp/history/hist-m-opium-war.json
hist-m-opium-war-era,鸦片战争后的中国,history,middle,8,A,100,0,,3,4,local_textbook_markdown:4,1070,3,2,True,data/kp/history/hist-m-opium-war-era.json
hist-m-prehistoric,史前时期（元谋人/北京人/半坡/河姆渡）,history,middle,7,A,100,0,,3,4,local_textbook_markdown:4,1140,3,2,True,data/kp/history/hist-m-prehistoric.json
hist-m-qin-han-unification,秦汉大一统,history,middle,7,A,100,0,,3,4,local_textbook_markdown:4,1091,3,2,True,data/kp/history/hist-m-qin-han-unification.json
hist-m-reform-1898,戊戌变法,history,middle,8,A,100,0,,2,4,local_textbook_markdown:4,990,3,2,True,data/kp/history/hist-m-reform-1898.json
hist-m-reform-revolution,改革与革命,history,middle,8,A,100,0,,3,4,local_textbook_markdown:4,1166,3,2,True,data/kp/history/hist-m-reform-revolution.json
hist-m-renaissance,文艺复兴与宗教改革,history,middle,9,A,100,0,,2,4,local_textbook_markdown:4,1259,3,2,True,data/kp/history/hist-m-renaissance.json
hist-m-russian-revolution,俄国十月革命,history,middle,9,A,100,0,,2,4,local_textbook_markdown:4,1156,3,2,True,data/kp/history/hist-m-russian-revolution.json
hist-m-scientific-revolution,欧洲科学革命与启蒙运动,history,middle,9,A,100,0,,2,4,local_textbook_markdown:4,924,3,2,True,data/kp/history/hist-m-scientific-revolution.json
hist-m-silk-road,丝绸之路与东西方交流,history,middle,7,A,100,0,,2,4,local_textbook_markdown:4,915,3,2,True,data/kp/history/hist-m-silk-road.json
hist-m-song-technology,宋代科技与社会生活,history,middle,7,A,100,0,,2,4,local_textbook_markdown:4,907,3,2,True,data/kp/history/hist-m-song-technology.json
hist-m-song-yuan-ming-qing,宋元明清,history,middle,7,A,100,0,,4,4,local_textbook_markdown:4,1185,3,2,True,data/kp/history/hist-m-song-yuan-ming-qing.json
hist-m-spring-autumn-warring,春秋战国,history,middle,7,A,100,0,,3,4,local_textbook_markdown:4,1206,3,2,True,data/kp/history/hist-m-spring-autumn-warring.json
hist-m-sui-tang-ruling,隋唐制度与盛世,history,middle,7,A,100,0,,2,4,local_textbook_markdown:4,891,3,2,True,data/kp/history/hist-m-sui-tang-ruling.json
hist-m-taiping-westernization,太平天国运动与洋务运动,history,middle,8,A,100,0,,2,4,local_textbook_markdown:4,1030,3,2,True,data/kp/history/hist-m-taiping-westernization.json
hist-m-tang-song-prosperity,唐宋繁荣,history,middle,7,A,100,0,,4,4,local_textbook_markdown:4,1444,3,2,True,data/kp/history/hist-m-tang-song-prosperity.json
hist-m-three-kingdoms-sui-tang,三国两晋南北朝与隋唐,history,middle,7,A,100,0,,4,4,local_textbook_markdown:4,1341,3,2,True,data/kp/history/hist-m-three-kingdoms-sui-tang.json
hist-m-united-nations,联合国与战后国际秩序,history,middle,9,A,100,0,,2,4,local_textbook_markdown:4,916,3,2,True,data/kp/history/hist-m-united-nations.json
hist-m-world-wars-cold-war,两次世界大战与冷战,history,middle,9,A,100,0,,3,4,local_textbook_markdown:4,1049,3,2,True,data/kp/history/hist-m-world-wars-cold-war.json
hist-m-ww1,第一次世界大战,history,middle,9,A,100,0,,2,4,local_textbook_markdown:4,1164,3,2,True,data/kp/history/hist-m-ww1.json
hist-m-ww2,第二次世界大战,history,middle,9,A,100,0,,4,4,local_textbook_markdown:4,1156,3,2,True,data/kp/history/hist-m-ww2.json
hist-m-ww2-asia-pacific,第二次世界大战（亚太战场）,history,middle,9,A,100,0,,2,4,local_textbook_markdown:4,940,3,2,True,data/kp/history/hist-m-ww2-asia-pacific.json
hist-m-xia-shang-zhou,夏商西周,history,middle,7,A,100,0,,4,4,local_textbook_markdown:4,1227,3,2,True,data/kp/history/hist-m-xia-shang-zhou.json
hist-m-xinhai-revolution,辛亥革命,history,middle,8,A,100,0,,3,4,local_textbook_markdown:4,950,3,2,True,data/kp/history/hist-m-xinhai-revolution.json
it-h-algorithm-concept,算法概念与复杂度,info-tech,high,10,A,100,0,,3,1,curriculum_md_structured:1,1048,3,2,True,data/kp/info-tech/it-h-algorithm-concept.json
it-h-control-structures,程序控制结构（顺序/分支/循环）,info-tech,high,10,A,100,0,,2,1,curriculum_md_structured:1,1072,3,2,True,data/kp/info-tech/it-h-control-structures.json
it-h-data-structures,数据结构（列表/栈/队列/树/图）,info-tech,high,10,A,100,0,,3,1,curriculum_md_structured:1,1127,3,2,True,data/kp/info-tech/it-h-data-structures.json
it-h-functions-modules,函数与模块化,info-tech,high,10,A,100,0,,3,1,curriculum_md_structured:1,1017,3,2,True,data/kp/info-tech/it-h-functions-modules.json
it-h-information-security,信息安全与隐私保护,info-tech,high,10,A,100,0,,3,1,curriculum_md_structured:1,1074,3,2,True,data/kp/info-tech/it-h-information-security.json
it-h-internet-applications,互联网应用（HTTP/Web/邮件）,info-tech,high,10,A,100,0,,3,1,curriculum_md_structured:1,1297,3,2,True,data/kp/info-tech/it-h-internet-applications.json
it-h-network-basics,计算机网络基础（TCP/IP）,info-tech,high,10,A,100,0,,2,1,curriculum_md_structured:1,1197,3,2,True,data/kp/info-tech/it-h-network-basics.json
it-h-programming-basics,程序设计基础（变量/数据类型）,info-tech,high,10,A,100,0,,3,1,curriculum_md_structured:1,1111,3,2,True,data/kp/info-tech/it-h-programming-basics.json
it-h-recursion,递归与分治,info-tech,high,11,A,100,0,,3,1,curriculum_md_structured:1,1024,3,2,True,data/kp/info-tech/it-h-recursion.json
it-h-sorting-searching,排序与查找算法,info-tech,high,10,A,100,0,,3,1,curriculum_md_structured:1,1040,3,2,True,data/kp/info-tech/it-h-sorting-searching.json
math-e-addition-subtraction-within-100,100以内加减法,math,elementary,2,A,100,0,,3,4,local_textbook_markdown:4,1028,3,2,True,data/kp/math/math-e-addition-subtraction-within-100.json
math-e-addition-subtraction-within-20,20以内加减法,math,elementary,1,A,100,0,,3,4,local_textbook_markdown:4,1205,3,2,True,data/kp/math/math-e-addition-subtraction-within-20.json
math-e-angle-concept,角的认识与度量,math,elementary,2,A,100,0,,2,4,local_textbook_markdown:4,1062,3,2,True,data/kp/math/math-e-angle-concept.json
math-e-area-calculation,多种平面图形面积,math,elementary,4,A,100,0,,3,4,local_textbook_markdown:4,1077,3,2,True,data/kp/math/math-e-area-calculation.json
math-e-area-rectangle,面积（长方形、正方形）,math,elementary,3,A,100,0,,2,4,local_textbook_markdown:4,1080,3,2,True,data/kp/math/math-e-area-rectangle.json
math-e-area-units,面积单位与换算,math,elementary,3,A,100,0,,2,4,local_textbook_markdown:4,1096,3,2,True,data/kp/math/math-e-area-units.json
math-e-average-concept,平均数概念,math,elementary,4,A,100,0,,2,4,local_textbook_markdown:4,1094,3,2,True,data/kp/math/math-e-average-concept.json
math-e-average-median,平均数与中位数,math,elementary,5,A,100,0,,2,4,local_textbook_markdown:4,1110,3,2,True,data/kp/math/math-e-average-median.json
math-e-circle-area,圆的认识与面积,math,elementary,6,A,100,0,,3,4,local_textbook_markdown:4,1075,3,2,True,data/kp/math/math-e-circle-area.json
math-e-circle-perimeter-area,圆的周长和面积,math,elementary,6,A,100,0,,3,4,local_textbook_markdown:4,1075,3,2,True,data/kp/math/math-e-circle-perimeter-area.json
math-e-complex-word-problems,综合复合应用问题,math,elementary,6,A,100,0,,3,4,local_textbook_markdown:4,1230,3,2,True,data/kp/math/math-e-complex-word-problems.json
math-e-cylinder-cone,圆柱与圆锥,math,elementary,6,A,100,0,,3,4,local_textbook_markdown:4,1136,3,2,True,data/kp/math/math-e-cylinder-cone.json
math-e-decimal-operations,小数四则运算,math,elementary,5,A,100,0,,3,4,local_textbook_markdown:4,1084,3,2,True,data/kp/math/math-e-decimal-operations.json
math-e-decimals-intro,小数的初步认识,math,elementary,3,A,100,0,,3,4,local_textbook_markdown:4,1154,3,2,True,data/kp/math/math-e-decimals-intro.json
math-e-decimals-meaning,小数的意义和性质,math,elementary,4,A,100,0,,3,4,local_textbook_markdown:4,1162,3,2,True,data/kp/math/math-e-decimals-meaning.json
math-e-division-concept,除法的认识,math,elementary,2,A,100,0,,3,4,local_textbook_markdown:4,1007,3,2,True,data/kp/math/math-e-division-concept.json
math-e-division-intro,表内除法,math,elementary,2,A,100,0,,3,4,local_textbook_markdown:4,991,3,2,True,data/kp/math/math-e-division-intro.json
math-e-four-operations-laws,四则运算及运算律,math,elementary,4,A,100,0,,4,4,local_textbook_markdown:4,1250,3,2,True,data/kp/math/math-e-four-operations-laws.json
math-e-fraction-decimal-percent,分数、小数、百分数互化,math,elementary,6,A,100,0,,3,4,local_textbook_markdown:4,1283,3,2,True,data/kp/math/math-e-fraction-decimal-percent.json
math-e-fraction-operations,分数四则运算,math,elementary,5,A,100,0,,3,4,local_textbook_markdown:4,1084,3,2,True,data/kp/math/math-e-fraction-operations.json
math-e-fractions-intro,分数的初步认识,math,elementary,3,A,100,0,,3,4,local_textbook_markdown:4,1126,3,2,True,data/kp/math/math-e-fractions-intro.json
math-e-fractions-meaning,分数的意义和性质,math,elementary,5,A,100,0,,3,4,local_textbook_markdown:4,1153,3,2,True,data/kp/math/math-e-fractions-meaning.json
math-e-large-numbers,大数的认识（亿以内）,math,elementary,4,A,100,0,,3,4,local_textbook_markdown:4,1167,3,2,True,data/kp/math/math-e-large-numbers.json
math-e-length-units,长度单位（厘米/米/千米）,math,elementary,2,A,100,0,,3,4,local_textbook_markdown:4,1140,3,2,True,data/kp/math/math-e-length-units.json
math-e-letter-representation,用字母表示数,math,elementary,5,A,100,0,,4,4,local_textbook_markdown:4,1289,3,2,True,data/kp/math/math-e-letter-representation.json
math-e-line-graph,条形统计图与折线统计图,math,elementary,4,A,100,0,,2,4,local_textbook_markdown:4,1076,3,2,True,data/kp/math/math-e-line-graph.json
math-e-mass-units,质量单位（克/千克/吨）,math,elementary,3,A,100,0,,2,4,local_textbook_markdown:4,1244,3,2,True,data/kp/math/math-e-mass-units.json
math-e-measurement-sense,量感培养（跨学段）,math,elementary,1-6,A,100,0,,4,4,local_textbook_markdown:4,1101,3,2,True,data/kp/math/math-e-measurement-sense.json
math-e-median-mode,中位数与众数,math,elementary,5,A,100,0,,2,4,local_textbook_markdown:4,1078,3,2,True,data/kp/math/math-e-median-mode.json
math-e-mixed-operations,四则混合运算,math,elementary,3,A,100,0,,3,4,local_textbook_markdown:4,1094,3,2,True,data/kp/math/math-e-mixed-operations.json
math-e-multi-digit-addition-subtraction,万以内加减法,math,elementary,3,A,100,0,,3,4,local_textbook_markdown:4,1109,3,2,True,data/kp/math/math-e-multi-digit-addition-subtraction.json
math-e-multi-digit-division,多位数除法,math,elementary,4,A,100,0,,3,4,local_textbook_markdown:4,970,3,2,True,data/kp/math/math-e-multi-digit-division.json
math-e-multi-digit-multiplication,多位数乘法,math,elementary,3,A,100,0,,3,4,local_textbook_markdown:4,973,3,2,True,data/kp/math/math-e-multi-digit-multiplication.json
math-e-multiplication-table,表内乘法（九九乘法表）,math,elementary,2,A,100,0,,3,4,local_textbook_markdown:4,1047,3,2,True,data/kp/math/math-e-multiplication-table.json
math-e-negative-numbers,负数的认识,math,elementary,6,A,100,0,,2,4,local_textbook_markdown:4,1175,3,2,True,data/kp/math/math-e-negative-numbers.json
math-e-numbers-within-10,10以内数的认识,math,elementary,1,A,100,0,,3,4,local_textbook_markdown:4,1197,3,2,True,data/kp/math/math-e-numbers-within-10.json
math-e-numbers-within-100,100以内数的认识,math,elementary,1,A,100,0,,4,4,local_textbook_markdown:4,1258,3,2,True,data/kp/math/math-e-numbers-within-100.json
math-e-numbers-within-10000,万以内数的认识,math,elementary,2,A,100,0,,4,4,local_textbook_markdown:4,1154,3,2,True,data/kp/math/math-e-numbers-within-10000.json
math-e-numbers-within-20,20以内数的认识,math,elementary,1,A,100,0,,3,4,local_textbook_markdown:4,1317,3,2,True,data/kp/math/math-e-numbers-within-20.json
math-e-operations-laws,运算律与简便运算,math,elementary,4,A,100,0,,3,4,local_textbook_markdown:4,1171,3,2,True,data/kp/math/math-e-operations-laws.json
math-e-percentage,百分数,math,elementary,6,A,100,0,,3,4,local_textbook_markdown:4,1034,3,2,True,data/kp/math/math-e-percentage.json
math-e-percentage-statistics,百分数在统计中的应用,math,elementary,6,A,100,0,,2,4,local_textbook_markdown:4,1226,3,2,True,data/kp/math/math-e-percentage-statistics.json
math-e-perimeter,周长（含长方形周长）,math,elementary,3,A,100,0,,3,4,local_textbook_markdown:4,1125,3,2,True,data/kp/math/math-e-perimeter.json
math-e-pictograph,象形统计图（数据分类与整理）,math,elementary,2,A,100,0,,2,4,local_textbook_markdown:4,1073,3,2,True,data/kp/math/math-e-pictograph.json
math-e-pie-chart,扇形统计图,math,elementary,6,A,100,0,,2,4,local_textbook_markdown:4,1028,3,2,True,data/kp/math/math-e-pie-chart.json
math-e-plane-shapes,平面图形的认识,math,elementary,1,A,100,0,,3,4,local_textbook_markdown:4,1102,3,2,True,data/kp/math/math-e-plane-shapes.json
math-e-position-direction,位置与方向,math,elementary,3,A,100,0,,3,4,local_textbook_markdown:4,995,3,2,True,data/kp/math/math-e-position-direction.json
math-e-possibility,用分数表示可能性大小,math,elementary,5,A,100,0,,2,4,local_textbook_markdown:4,1082,3,2,True,data/kp/math/math-e-possibility.json
math-e-possibility-concept,随机现象初步（可能性）,math,elementary,4,A,100,0,,2,4,local_textbook_markdown:4,1090,3,2,True,data/kp/math/math-e-possibility-concept.json
math-e-ratio-proportion,比和比例,math,elementary,6,A,100,0,,3,4,local_textbook_markdown:4,1039,3,2,True,data/kp/math/math-e-ratio-proportion.json
math-e-simple-equation,简易方程,math,elementary,5,A,100,0,,3,4,local_textbook_markdown:4,1089,3,2,True,data/kp/math/math-e-simple-equation.json
math-e-solid-shapes,立体图形的认识,math,elementary,1,A,100,0,,3,4,local_textbook_markdown:4,1152,3,2,True,data/kp/math/math-e-solid-shapes.json
math-e-solid-surface-area,长方体和正方体的表面积,math,elementary,5,A,100,0,,3,4,local_textbook_markdown:4,1175,3,2,True,data/kp/math/math-e-solid-surface-area.json
math-e-symmetry-translation-rotation,轴对称、平移与旋转,math,elementary,3,A,100,0,,3,4,local_textbook_markdown:4,1033,3,2,True,data/kp/math/math-e-symmetry-translation-rotation.json
math-e-time-units,时间单位（时/分/秒）,math,elementary,2,A,100,0,,2,4,local_textbook_markdown:4,1140,3,2,True,data/kp/math/math-e-time-units.json
math-e-triangle-properties,三角形的特性,math,elementary,4,A,100,0,,2,4,local_textbook_markdown:4,1015,3,2,True,data/kp/math/math-e-triangle-properties.json
math-e-triangles-quadrilaterals,三角形与四边形分类,math,elementary,4,A,100,0,,3,4,local_textbook_markdown:4,1079,3,2,True,data/kp/math/math-e-triangles-quadrilaterals.json
math-e-volume-calculation,体积计算,math,elementary,5,A,100,0,,3,4,local_textbook_markdown:4,1119,3,2,True,data/kp/math/math-e-volume-calculation.json
math-e-volume-units,体积与容积单位,math,elementary,5,A,100,0,,3,4,local_textbook_markdown:4,1134,3,2,True,data/kp/math/math-e-volume-units.json
math-e-word-problems-basic,简单加减法应用题,math,elementary,1,A,100,0,,3,4,local_textbook_markdown:4,1124,3,2,True,data/kp/math/math-e-word-problems-basic.json
math-e-word-problems-multiply,乘除法两步应用题,math,elementary,3,A,100,0,,4,4,local_textbook_markdown:4,1177,3,2,True,data/kp/math/math-e-word-problems-multiply.json
math-h-analytic-geometry,解析几何综合,math,high,11,A,100,0,,3,4,local_textbook_markdown:4,1162,3,2,True,data/kp/math/math-h-analytic-geometry.json
math-h-arithmetic-sequence,等差数列,math,high,10,A,100,0,,3,4,local_textbook_markdown:4,994,3,2,True,data/kp/math/math-h-arithmetic-sequence.json
math-h-basic-inequality,基本不等式,math,high,10,A,100,0,,2,4,local_textbook_markdown:4,1083,3,2,True,data/kp/math/math-h-basic-inequality.json
math-h-binomial-theorem,二项式定理,math,high,11,A,100,0,,2,4,local_textbook_markdown:4,1085,3,2,True,data/kp/math/math-h-binomial-theorem.json
math-h-circle-equation,圆的方程,math,high,11,A,100,0,,2,4,local_textbook_markdown:4,1160,3,2,True,data/kp/math/math-h-circle-equation.json
math-h-conic-comprehensive,圆锥曲线综合,math,high,12,A,100,0,,2,4,local_textbook_markdown:4,1240,3,2,True,data/kp/math/math-h-conic-comprehensive.json
math-h-counting-principles,计数原理（分类/分步）,math,high,11,A,100,0,,3,4,local_textbook_markdown:4,1230,3,2,True,data/kp/math/math-h-counting-principles.json
math-h-derivative-application,导数应用（极值/最值）,math,high,12,A,100,0,,2,4,local_textbook_markdown:4,1152,3,2,True,data/kp/math/math-h-derivative-application.json
math-h-derivative-concept,导数概念与运算,math,high,12,A,100,0,,3,4,local_textbook_markdown:4,1279,3,2,True,data/kp/math/math-h-derivative-concept.json
math-h-dihedral-angle,二面角,math,high,11,A,100,0,,2,4,local_textbook_markdown:4,1209,3,2,True,data/kp/math/math-h-dihedral-angle.json
math-h-ellipse,椭圆,math,high,11,A,100,0,,2,4,local_textbook_markdown:4,952,3,2,True,data/kp/math/math-h-ellipse.json
math-h-exponential-function,指数函数,math,high,10,A,100,0,,2,4,local_textbook_markdown:4,988,3,2,True,data/kp/math/math-h-exponential-function.json
math-h-function-models,函数模型及其应用,math,high,10,A,100,0,,3,4,local_textbook_markdown:4,1181,3,2,True,data/kp/math/math-h-function-models.json
math-h-function-properties,函数性质（单调性/奇偶性）,math,high,10,A,100,0,,2,4,local_textbook_markdown:4,1072,3,2,True,data/kp/math/math-h-function-properties.json
math-h-functions-advanced,函数综合性质,math,high,10,A,100,0,,3,4,local_textbook_markdown:4,1082,3,2,True,data/kp/math/math-h-functions-advanced.json
math-h-functions-concept,函数概念,math,high,10,A,100,0,,2,4,local_textbook_markdown:4,993,3,2,True,data/kp/math/math-h-functions-concept.json
math-h-geometric-sequence,等比数列,math,high,10,A,100,0,,2,4,local_textbook_markdown:4,1178,3,2,True,data/kp/math/math-h-geometric-sequence.json
math-h-hyperbola,双曲线,math,high,11,A,100,0,,2,4,local_textbook_markdown:4,952,3,2,True,data/kp/math/math-h-hyperbola.json
math-h-inequalities,不等式性质,math,high,10,A,100,0,,3,4,local_textbook_markdown:4,1072,3,2,True,data/kp/math/math-h-inequalities.json
math-h-law-of-sines-cosines,正弦定理与余弦定理,math,high,10,A,100,0,,2,4,local_textbook_markdown:4,996,3,2,True,data/kp/math/math-h-law-of-sines-cosines.json
math-h-line-equation,直线方程与位置关系,math,high,11,A,100,0,,2,4,local_textbook_markdown:4,1116,3,2,True,data/kp/math/math-h-line-equation.json
math-h-linear-programming,线性规划,math,high,10,A,100,0,,2,4,local_textbook_markdown:4,1150,3,2,True,data/kp/math/math-h-linear-programming.json
math-h-logarithmic-function,对数函数,math,high,10,A,100,0,,3,4,local_textbook_markdown:4,1038,3,2,True,data/kp/math/math-h-logarithmic-function.json
math-h-parabola-h,抛物线,math,high,11,A,100,0,,2,4,local_textbook_markdown:4,1125,3,2,True,data/kp/math/math-h-parabola-h.json
math-h-parallel-perpendicular,平行与垂直的判定,math,high,11,A,100,0,,2,4,local_textbook_markdown:4,1108,3,2,True,data/kp/math/math-h-parallel-perpendicular.json
math-h-power-function,幂函数,math,high,10,A,100,0,,2,4,local_textbook_markdown:4,973,3,2,True,data/kp/math/math-h-power-function.json
math-h-probability-h,概率,math,high,11,A,100,0,,2,4,local_textbook_markdown:4,909,3,2,True,data/kp/math/math-h-probability-h.json
math-h-propositions,常用逻辑用语,math,high,10,A,100,0,,3,4,local_textbook_markdown:4,1101,3,2,True,data/kp/math/math-h-propositions.json
math-h-random-variable,随机变量及其分布,math,high,12,A,100,0,,2,4,local_textbook_markdown:4,1027,3,2,True,data/kp/math/math-h-random-variable.json
math-h-regression-analysis,统计推断（回归/独立性检验）,math,high,12,A,100,0,,3,4,local_textbook_markdown:4,1181,3,2,True,data/kp/math/math-h-regression-analysis.json
math-h-sequence-summation,数列求和,math,high,10,A,100,0,,2,4,local_textbook_markdown:4,1615,3,2,True,data/kp/math/math-h-sequence-summation.json
math-h-sets,集合,math,high,10,A,100,0,,4,4,local_textbook_markdown:4,1054,3,2,True,data/kp/math/math-h-sets.json
math-h-sets-logic,集合运算,math,high,10,A,100,0,,4,4,local_textbook_markdown:4,1214,3,2,True,data/kp/math/math-h-sets-logic.json
math-h-space-figures,空间几何体的结构,math,high,11,A,100,0,,2,4,local_textbook_markdown:4,1108,3,2,True,data/kp/math/math-h-space-figures.json
math-h-space-lines-planes,空间点线面位置关系,math,high,11,A,100,0,,2,4,local_textbook_markdown:4,1116,3,2,True,data/kp/math/math-h-space-lines-planes.json
math-h-space-vectors,空间向量及其应用,math,high,11,A,100,0,,2,4,local_textbook_markdown:4,1223,3,2,True,data/kp/math/math-h-space-vectors.json
math-h-trig-graphs,三角函数图像与性质,math,high,10,A,100,0,,4,4,local_textbook_markdown:4,1108,3,2,True,data/kp/math/math-h-trig-graphs.json
math-h-trig-identities,三角恒等变换,math,high,10,A,100,0,,2,4,local_textbook_markdown:4,1218,3,2,True,data/kp/math/math-h-trig-identities.json
math-h-trig-ratios,任意角与三角函数定义,math,high,10,A,100,0,,3,4,local_textbook_markdown:4,1086,3,2,True,data/kp/math/math-h-trig-ratios.json
math-h-trigonometric-functions,三角函数综合应用,math,high,10,A,100,0,,2,4,local_textbook_markdown:4,1018,3,2,True,data/kp/math/math-h-trigonometric-functions.json
math-h-trigonometry-solution,解三角形,math,high,11,A,100,0,,3,4,local_textbook_markdown:4,1084,3,2,True,data/kp/math/math-h-trigonometry-solution.json
math-h-vector-basics,平面向量的概念与运算,math,high,10,A,100,0,,2,4,local_textbook_markdown:4,910,3,2,True,data/kp/math/math-h-vector-basics.json
math-h-vector-coordinates,平面向量的坐标运算,math,high,10,A,100,0,,3,4,local_textbook_markdown:4,1040,3,2,True,data/kp/math/math-h-vector-coordinates.json
math-m-algebraic-expression,代数式与整式,math,middle,7,A,100,0,,3,4,local_textbook_markdown:4,1043,3,2,True,data/kp/math/math-m-algebraic-expression.json
math-m-algebraic-expressions,整式加减,math,middle,7,A,100,0,,3,4,local_textbook_markdown:4,1122,3,2,True,data/kp/math/math-m-algebraic-expressions.json
math-m-arc-sector,弧长与扇形面积,math,middle,9,A,100,0,,2,4,local_textbook_markdown:4,982,3,2,True,data/kp/math/math-m-arc-sector.json
math-m-axial-symmetry,轴对称,math,middle,7,A,100,0,,2,4,local_textbook_markdown:4,944,3,2,True,data/kp/math/math-m-axial-symmetry.json
math-m-circle-angle,圆周角与圆心角,math,middle,9,A,100,0,,2,4,local_textbook_markdown:4,1163,3,2,True,data/kp/math/math-m-circle-angle.json
math-m-circle-basics,圆的基础,math,middle,9,A,100,0,,3,4,local_textbook_markdown:4,1037,3,2,True,data/kp/math/math-m-circle-basics.json
math-m-circle-tangent,直线与圆的位置关系,math,middle,9,A,100,0,,2,4,local_textbook_markdown:4,1489,3,2,True,data/kp/math/math-m-circle-tangent.json
math-m-coordinate-system,平面直角坐标系,math,middle,7,A,100,0,,3,4,local_textbook_markdown:4,972,3,2,True,data/kp/math/math-m-coordinate-system.json
math-m-data-analysis,数据的分析（均值/中位数/众数/方差）,math,middle,8,A,100,0,,3,4,local_textbook_markdown:4,1167,3,2,True,data/kp/math/math-m-data-analysis.json
math-m-data-collection,数据的收集,math,middle,7,A,100,0,,3,4,local_textbook_markdown:4,1051,3,2,True,data/kp/math/math-m-data-collection.json
math-m-data-description,数据的描述,math,middle,7,A,100,0,,3,4,local_textbook_markdown:4,1014,3,2,True,data/kp/math/math-m-data-description.json
math-m-fraction-equation,分式方程,math,middle,8,A,100,0,,2,4,local_textbook_markdown:4,985,3,2,True,data/kp/math/math-m-fraction-equation.json
math-m-fraction-expression,分式,math,middle,8,A,100,0,,2,4,local_textbook_markdown:4,1067,3,2,True,data/kp/math/math-m-fraction-expression.json
math-m-geometric-figure,几何图形初步,math,middle,7,A,100,0,,4,4,local_textbook_markdown:4,1081,3,2,True,data/kp/math/math-m-geometric-figure.json
math-m-geometry-circle,圆的综合应用,math,middle,9,A,100,0,,4,4,local_textbook_markdown:4,1117,3,2,True,data/kp/math/math-m-geometry-circle.json
math-m-geometry-congruent-triangles,全等三角形,math,middle,8,A,100,0,,3,4,local_textbook_markdown:4,993,3,2,True,data/kp/math/math-m-geometry-congruent-triangles.json
math-m-geometry-quadrilaterals,四边形综合,math,middle,8,A,100,0,,4,4,local_textbook_markdown:4,1150,3,2,True,data/kp/math/math-m-geometry-quadrilaterals.json
math-m-inequalities,不等式初步,math,middle,7,A,100,0,,2,4,local_textbook_markdown:4,1337,3,2,True,data/kp/math/math-m-inequalities.json
math-m-inscribed-circumscribed,三角形内切圆与外接圆,math,middle,9,A,100,0,,2,4,local_textbook_markdown:4,1094,3,2,True,data/kp/math/math-m-inscribed-circumscribed.json
math-m-inverse-proportion,反比例函数,math,middle,9,A,100,0,,4,4,local_textbook_markdown:4,1112,3,2,True,data/kp/math/math-m-inverse-proportion.json
math-m-isosceles-triangle,等腰三角形与等边三角形,math,middle,8,A,100,0,,3,4,local_textbook_markdown:4,1181,3,2,True,data/kp/math/math-m-isosceles-triangle.json
math-m-line-angle,相交线与平行线,math,middle,7,A,100,0,,4,4,local_textbook_markdown:4,1188,3,2,True,data/kp/math/math-m-line-angle.json
math-m-linear-equation-one,一元一次方程,math,middle,7,A,100,0,,3,4,local_textbook_markdown:4,1031,3,2,True,data/kp/math/math-m-linear-equation-one.json
math-m-linear-equation-system-graph,一次函数与二元一次方程组,math,middle,8,A,100,0,,3,4,local_textbook_markdown:4,1035,3,2,True,data/kp/math/math-m-linear-equation-system-graph.json
math-m-linear-equation-two,二元一次方程组,math,middle,8,A,100,0,,3,4,local_textbook_markdown:4,988,3,2,True,data/kp/math/math-m-linear-equation-two.json
math-m-linear-equations,一元一次方程应用,math,middle,7,A,100,0,,4,4,local_textbook_markdown:4,1079,3,2,True,data/kp/math/math-m-linear-equations.json
math-m-linear-function,一次函数,math,middle,8,A,100,0,,3,4,local_textbook_markdown:4,1188,3,2,True,data/kp/math/math-m-linear-function.json
math-m-linear-inequality,一元一次不等式,math,middle,8,A,100,0,,3,4,local_textbook_markdown:4,1121,3,2,True,data/kp/math/math-m-linear-inequality.json
math-m-monomial-multiplication,整式乘除与因式分解,math,middle,8,A,100,0,,3,4,local_textbook_markdown:4,1162,3,2,True,data/kp/math/math-m-monomial-multiplication.json
math-m-probability-basic,概率初步,math,middle,9,A,100,0,,3,4,local_textbook_markdown:4,1044,3,2,True,data/kp/math/math-m-probability-basic.json
math-m-probability-frequency,频率与概率,math,middle,9,A,100,0,,2,4,local_textbook_markdown:4,914,3,2,True,data/kp/math/math-m-probability-frequency.json
math-m-proportional-function,正比例函数,math,middle,8,A,100,0,,2,4,local_textbook_markdown:4,1192,3,2,True,data/kp/math/math-m-proportional-function.json
math-m-pythagorean-theorem,勾股定理,math,middle,8,A,100,0,,2,4,local_textbook_markdown:4,968,3,2,True,data/kp/math/math-m-pythagorean-theorem.json
math-m-quadratic-equation,一元二次方程,math,middle,9,A,100,0,,4,4,local_textbook_markdown:4,1107,3,2,True,data/kp/math/math-m-quadratic-equation.json
math-m-quadratic-function,二次函数,math,middle,9,A,100,0,,4,4,local_textbook_markdown:4,1281,3,2,True,data/kp/math/math-m-quadratic-function.json
math-m-quadratic-radical,二次根式,math,middle,8,A,100,0,,2,4,local_textbook_markdown:4,1085,3,2,True,data/kp/math/math-m-quadratic-radical.json
math-m-quadrilateral,多边形与四边形,math,middle,8,A,100,0,,3,4,local_textbook_markdown:4,1122,3,2,True,data/kp/math/math-m-quadrilateral.json
math-m-rational-number,有理数,math,middle,7,A,100,0,,4,4,local_textbook_markdown:4,1099,3,2,True,data/kp/math/math-m-rational-number.json
math-m-rational-operations,有理数运算,math,middle,7,A,100,0,,3,4,local_textbook_markdown:4,1124,3,2,True,data/kp/math/math-m-rational-operations.json
math-m-real-number,实数与数轴,math,middle,7,A,100,0,,3,4,local_textbook_markdown:4,1067,3,2,True,data/kp/math/math-m-real-number.json
math-m-rotation,旋转,math,middle,9,A,100,0,,2,4,local_textbook_markdown:4,936,3,2,True,data/kp/math/math-m-rotation.json
math-m-ruler-compass-construction,尺规作图,math,middle,7,A,100,0,,2,4,local_textbook_markdown:4,1126,3,2,True,data/kp/math/math-m-ruler-compass-construction.json
math-m-sampling-estimation,抽样与估计,math,middle,8,A,100,0,,2,4,local_textbook_markdown:4,955,3,2,True,data/kp/math/math-m-sampling-estimation.json
math-m-similar-triangles,相似三角形,math,middle,9,A,100,0,,4,4,local_textbook_markdown:4,1163,3,2,True,data/kp/math/math-m-similar-triangles.json
math-m-special-quadrilateral,特殊四边形,math,middle,8,A,100,0,,4,4,local_textbook_markdown:4,1173,3,2,True,data/kp/math/math-m-special-quadrilateral.json
math-m-statistics-probability-junior,统计与概率综合,math,middle,9,A,100,0,,4,4,local_textbook_markdown:4,1236,3,2,True,data/kp/math/math-m-statistics-probability-junior.json
math-m-translation-dilation,平移与位似,math,middle,9,A,100,0,,2,4,local_textbook_markdown:4,959,3,2,True,data/kp/math/math-m-translation-dilation.json
math-m-triangle-basics,三角形基础,math,middle,7,A,100,0,,4,4,local_textbook_markdown:4,1107,3,2,True,data/kp/math/math-m-triangle-basics.json
math-m-trig-ratio,锐角三角函数,math,middle,9,A,100,0,,4,4,local_textbook_markdown:4,1217,3,2,True,data/kp/math/math-m-trig-ratio.json
math-m-variable-and-function,变量与函数,math,middle,8,A,100,0,,4,4,local_textbook_markdown:4,1174,3,2,True,data/kp/math/math-m-variable-and-function.json
phy-h-alternating-current,交变电流,physics,high,12,A,100,0,,3,4,local_textbook_markdown:4,1304,3,2,True,data/kp/physics/phy-h-alternating-current.json
phy-h-atomic-models,原子结构（汤姆孙/卢瑟福/玻尔）,physics,high,12,A,100,0,,3,4,local_textbook_markdown:4,1049,3,2,True,data/kp/physics/phy-h-atomic-models.json
phy-h-atomic-structure-h,原子能级,physics,high,12,A,100,0,,3,4,local_textbook_markdown:4,953,3,2,True,data/kp/physics/phy-h-atomic-structure-h.json
phy-h-capacitor,电容器,physics,high,11,A,100,0,,2,4,local_textbook_markdown:4,1191,3,2,True,data/kp/physics/phy-h-capacitor.json
phy-h-circuit-analysis,闭合电路与电路分析,physics,high,11,A,100,0,,3,4,local_textbook_markdown:4,1341,3,2,True,data/kp/physics/phy-h-circuit-analysis.json
phy-h-circular-motion,圆周运动,physics,high,10,A,100,0,,3,4,local_textbook_markdown:4,1017,3,2,True,data/kp/physics/phy-h-circular-motion.json
phy-h-collision-types,碰撞与反冲,physics,high,11,A,100,0,,3,4,local_textbook_markdown:4,1044,3,2,True,data/kp/physics/phy-h-collision-types.json
phy-h-common-forces,常见的力,physics,high,10,A,100,0,,2,4,local_textbook_markdown:4,1054,3,2,True,data/kp/physics/phy-h-common-forces.json
phy-h-coulomb-law,库仑定律,physics,high,11,A,100,0,,2,4,local_textbook_markdown:4,1199,3,2,True,data/kp/physics/phy-h-coulomb-law.json
phy-h-dc-circuits,恒定电流与欧姆定律,physics,high,11,A,100,0,,3,4,local_textbook_markdown:4,1014,3,2,True,data/kp/physics/phy-h-dc-circuits.json
phy-h-electric-field,电场与电场强度,physics,high,11,A,100,0,,2,4,local_textbook_markdown:4,1188,3,2,True,data/kp/physics/phy-h-electric-field.json
phy-h-electric-potential,电势与电势能,physics,high,11,A,100,0,,2,4,local_textbook_markdown:4,1232,3,2,True,data/kp/physics/phy-h-electric-potential.json
phy-h-electrical-experiments,电学实验,physics,high,11,A,100,0,,3,4,local_textbook_markdown:4,1012,3,2,True,data/kp/physics/phy-h-electrical-experiments.json
phy-h-electromagnetic-waves,电磁波,physics,high,12,A,100,0,,3,4,local_textbook_markdown:4,961,3,2,True,data/kp/physics/phy-h-electromagnetic-waves.json
phy-h-electrostatics,静电现象,physics,high,11,A,100,0,,2,4,local_textbook_markdown:4,1199,3,2,True,data/kp/physics/phy-h-electrostatics.json
phy-h-em-induction,电磁感应,physics,high,12,A,100,0,,3,4,local_textbook_markdown:4,921,3,2,True,data/kp/physics/phy-h-em-induction.json
phy-h-energy-conservation-general,能量守恒定律,physics,high,11,A,100,0,,2,4,local_textbook_markdown:4,1005,3,2,True,data/kp/physics/phy-h-energy-conservation-general.json
phy-h-energy-conservation-mech,机械能守恒定律,physics,high,10,A,100,0,,2,4,local_textbook_markdown:4,992,3,2,True,data/kp/physics/phy-h-energy-conservation-mech.json
phy-h-force-decomposition,力的合成与分解,physics,high,10,A,100,0,,2,4,local_textbook_markdown:4,1034,3,2,True,data/kp/physics/phy-h-force-decomposition.json
phy-h-free-fall,自由落体运动,physics,high,10,A,100,0,,3,4,local_textbook_markdown:4,1062,3,2,True,data/kp/physics/phy-h-free-fall.json
phy-h-gas-laws,气体实验定律与理想气体（热学）,physics,high,11,A,100,0,,3,4,local_textbook_markdown:4,1328,3,2,True,data/kp/physics/phy-h-gas-laws.json
phy-h-gravitation,引力综合,physics,high,10,A,100,0,,3,4,local_textbook_markdown:4,1019,3,2,True,data/kp/physics/phy-h-gravitation.json
phy-h-kinematics-linear,直线运动综合,physics,high,10,A,100,0,,3,4,local_textbook_markdown:4,1082,3,2,True,data/kp/physics/phy-h-kinematics-linear.json
phy-h-kinetic-energy-theorem,动能定理,physics,high,10,A,100,0,,2,4,local_textbook_markdown:4,898,3,2,True,data/kp/physics/phy-h-kinetic-energy-theorem.json
phy-h-lorentz-force,洛伦兹力与带电粒子运动,physics,high,12,A,100,0,,2,4,local_textbook_markdown:4,1123,3,2,True,data/kp/physics/phy-h-lorentz-force.json
phy-h-magnetic-field,磁场,physics,high,12,A,100,0,,2,4,local_textbook_markdown:4,1138,3,2,True,data/kp/physics/phy-h-magnetic-field.json
phy-h-magnetic-field-h,磁场综合（安培力/磁通量）,physics,high,12,A,100,0,,2,4,local_textbook_markdown:4,1226,3,2,True,data/kp/physics/phy-h-magnetic-field-h.json
phy-h-mechanical-vibration-wave,机械振动与机械波,physics,high,12,A,100,0,,3,4,local_textbook_markdown:4,985,3,2,True,data/kp/physics/phy-h-mechanical-vibration-wave.json
phy-h-momentum,动量,physics,high,11,A,100,0,,3,4,local_textbook_markdown:4,1020,3,2,True,data/kp/physics/phy-h-momentum.json
phy-h-momentum-conservation,动量守恒定律,physics,high,11,A,100,0,,2,4,local_textbook_markdown:4,983,3,2,True,data/kp/physics/phy-h-momentum-conservation.json
phy-h-momentum-impulse,动量与冲量,physics,high,11,A,100,0,,3,4,local_textbook_markdown:4,1044,3,2,True,data/kp/physics/phy-h-momentum-impulse.json
phy-h-motion-description,运动的描述,physics,high,10,A,100,0,,3,4,local_textbook_markdown:4,1074,3,2,True,data/kp/physics/phy-h-motion-description.json
phy-h-newton-laws,牛顿运动定律,physics,high,10,A,100,0,,3,4,local_textbook_markdown:4,1188,3,2,True,data/kp/physics/phy-h-newton-laws.json
phy-h-nuclear-energy,核能与核反应,physics,high,12,A,100,0,,3,4,local_textbook_markdown:4,1154,3,2,True,data/kp/physics/phy-h-nuclear-energy.json
phy-h-nuclear-physics,原子核物理,physics,high,12,A,100,0,,3,4,local_textbook_markdown:4,1108,3,2,True,data/kp/physics/phy-h-nuclear-physics.json
phy-h-photoelectric-effect,光电效应,physics,high,12,A,100,0,,2,4,local_textbook_markdown:4,1090,3,2,True,data/kp/physics/phy-h-photoelectric-effect.json
phy-h-potential-energy,势能（重力/弹性）,physics,high,10,A,100,0,,2,4,local_textbook_markdown:4,993,3,2,True,data/kp/physics/phy-h-potential-energy.json
phy-h-projectile-motion,抛体运动,physics,high,10,A,100,0,,2,4,local_textbook_markdown:4,962,3,2,True,data/kp/physics/phy-h-projectile-motion.json
phy-h-quantum-intro,量子力学初步,physics,high,12,A,100,0,,2,4,local_textbook_markdown:4,1154,3,2,True,data/kp/physics/phy-h-quantum-intro.json
phy-h-satellite-motion,卫星运动与航天,physics,high,10,A,100,0,,3,4,local_textbook_markdown:4,1016,3,2,True,data/kp/physics/phy-h-satellite-motion.json
phy-h-uniform-acceleration,匀变速直线运动,physics,high,10,A,100,0,,3,4,local_textbook_markdown:4,1131,3,2,True,data/kp/physics/phy-h-uniform-acceleration.json
phy-h-universal-gravitation,万有引力定律,physics,high,10,A,100,0,,3,4,local_textbook_markdown:4,1035,3,2,True,data/kp/physics/phy-h-universal-gravitation.json
phy-h-wave-optics,光的波动性（干涉/衍射）,physics,high,12,A,100,0,,2,4,local_textbook_markdown:4,1262,3,2,True,data/kp/physics/phy-h-wave-optics.json
phy-h-work-concept,功与功率,physics,high,10,A,100,0,,3,4,local_textbook_markdown:4,945,3,2,True,data/kp/physics/phy-h-work-concept.json
phy-h-work-energy,功能关系综合,physics,high,10,A,100,0,,4,4,local_textbook_markdown:4,1012,3,2,True,data/kp/physics/phy-h-work-energy.json
phy-m-acoustics-cross-disciplinary,声现象跨学科应用,physics,middle,8,A,100,0,,2,4,local_textbook_markdown:4,999,3,2,True,data/kp/physics/phy-m-acoustics-cross-disciplinary.json
phy-m-atmospheric-pressure,大气压强,physics,middle,8,A,100,0,,2,4,local_textbook_markdown:4,1052,3,2,True,data/kp/physics/phy-m-atmospheric-pressure.json
phy-m-circuit-basics,电路基本连接,physics,middle,9,A,100,0,,3,4,local_textbook_markdown:4,892,3,2,True,data/kp/physics/phy-m-circuit-basics.json
phy-m-circuit-calculation,电路综合计算,physics,middle,9,A,100,0,,2,4,local_textbook_markdown:4,1000,3,2,True,data/kp/physics/phy-m-circuit-calculation.json
phy-m-current-circuit,电流与电路,physics,middle,9,A,100,0,,3,4,local_textbook_markdown:4,1111,3,2,True,data/kp/physics/phy-m-current-circuit.json
phy-m-current-measurement,电流的测量,physics,middle,9,A,100,0,,3,4,local_textbook_markdown:4,984,3,2,True,data/kp/physics/phy-m-current-measurement.json
phy-m-electric-motor,电动机原理,physics,middle,9,A,100,0,,2,4,local_textbook_markdown:4,1034,3,2,True,data/kp/physics/phy-m-electric-motor.json
phy-m-electric-power,电功率,physics,middle,9,A,100,0,,2,4,local_textbook_markdown:4,1036,3,2,True,data/kp/physics/phy-m-electric-power.json
phy-m-electrical-safety,家庭电路与安全用电,physics,middle,9,A,100,0,,2,4,local_textbook_markdown:4,1124,3,2,True,data/kp/physics/phy-m-electrical-safety.json
phy-m-electromagnetic-induction,电磁感应,physics,middle,9,A,100,0,,3,4,local_textbook_markdown:4,1042,3,2,True,data/kp/physics/phy-m-electromagnetic-induction.json
phy-m-electromagnetism-basic,电流的磁效应,physics,middle,9,A,100,0,,2,4,local_textbook_markdown:4,1042,3,2,True,data/kp/physics/phy-m-electromagnetism-basic.json
phy-m-energy-conservation,能量转化与守恒定律,physics,middle,9,A,100,0,,3,4,local_textbook_markdown:4,1144,3,2,True,data/kp/physics/phy-m-energy-conservation.json
phy-m-eye-vision,眼睛与视觉矫正,physics,middle,8,A,100,0,,2,4,local_textbook_markdown:4,1069,3,2,True,data/kp/physics/phy-m-eye-vision.json
phy-m-fluid-flow,流体压强与流速关系,physics,middle,8,A,100,0,,2,4,local_textbook_markdown:4,933,3,2,True,data/kp/physics/phy-m-fluid-flow.json
phy-m-force-basics,力的初步认识,physics,middle,8,A,100,0,,3,4,local_textbook_markdown:4,1084,3,2,True,data/kp/physics/phy-m-force-basics.json
phy-m-friction,摩擦力,physics,middle,8,A,100,0,,2,4,local_textbook_markdown:4,997,3,2,True,data/kp/physics/phy-m-friction.json
phy-m-generator,发电机原理,physics,middle,9,A,100,0,,3,4,local_textbook_markdown:4,1094,3,2,True,data/kp/physics/phy-m-generator.json
phy-m-gravity,重力,physics,middle,8,A,100,0,,2,4,local_textbook_markdown:4,905,3,2,True,data/kp/physics/phy-m-gravity.json
phy-m-heat-calculation,热量计算,physics,middle,9,A,100,0,,3,4,local_textbook_markdown:4,997,3,2,True,data/kp/physics/phy-m-heat-calculation.json
phy-m-heat-engine,内燃机与热机效率,physics,middle,9,A,100,0,,4,4,local_textbook_markdown:4,1067,3,2,True,data/kp/physics/phy-m-heat-engine.json
phy-m-internal-energy,内能与热量,physics,middle,9,A,100,0,,2,4,local_textbook_markdown:4,976,3,2,True,data/kp/physics/phy-m-internal-energy.json
phy-m-joule-law,焦耳定律,physics,middle,9,A,100,0,,2,4,local_textbook_markdown:4,927,3,2,True,data/kp/physics/phy-m-joule-law.json
phy-m-lens,透镜（凸透镜/凹透镜）,physics,middle,8,A,100,0,,2,4,local_textbook_markdown:4,1101,3,2,True,data/kp/physics/phy-m-lens.json
phy-m-light-dispersion,光的色散,physics,middle,8,A,100,0,,2,4,local_textbook_markdown:4,891,3,2,True,data/kp/physics/phy-m-light-dispersion.json
phy-m-light-propagation,光的直线传播,physics,middle,8,A,100,0,,2,4,local_textbook_markdown:4,971,3,2,True,data/kp/physics/phy-m-light-propagation.json
phy-m-light-reflection,光的反射,physics,middle,8,A,100,0,,2,4,local_textbook_markdown:4,922,3,2,True,data/kp/physics/phy-m-light-reflection.json
phy-m-light-refraction,光的折射,physics,middle,8,A,100,0,,2,4,local_textbook_markdown:4,928,3,2,True,data/kp/physics/phy-m-light-refraction.json
phy-m-liquid-pressure-buoyancy,液体压强与浮力,physics,middle,8,A,100,0,,2,4,local_textbook_markdown:4,1091,3,2,True,data/kp/physics/phy-m-liquid-pressure-buoyancy.json
phy-m-magnetism-basics,磁现象,physics,middle,9,A,100,0,,2,4,local_textbook_markdown:4,997,3,2,True,data/kp/physics/phy-m-magnetism-basics.json
phy-m-mass-density,质量与密度,physics,middle,8,A,100,0,,3,4,local_textbook_markdown:4,1082,3,2,True,data/kp/physics/phy-m-mass-density.json
phy-m-mechanical-energy,机械能（动能/势能）,physics,middle,9,A,100,0,,3,4,local_textbook_markdown:4,1092,3,2,True,data/kp/physics/phy-m-mechanical-energy.json
phy-m-motion-description,机械运动,physics,middle,8,A,100,0,,3,4,local_textbook_markdown:4,993,3,2,True,data/kp/physics/phy-m-motion-description.json
phy-m-newton-laws,牛顿第一定律与二力平衡,physics,middle,8,A,100,0,,2,4,local_textbook_markdown:4,1022,3,2,True,data/kp/physics/phy-m-newton-laws.json
phy-m-noise-control,噪声与声污染,physics,middle,8,A,100,0,,2,4,local_textbook_markdown:4,975,3,2,True,data/kp/physics/phy-m-noise-control.json
phy-m-ohms-law,欧姆定律,physics,middle,9,A,100,0,,3,4,local_textbook_markdown:4,951,3,2,True,data/kp/physics/phy-m-ohms-law.json
phy-m-phase-change,物态变化（熔化/汽化/凝固）,physics,middle,8,A,100,0,,3,4,local_textbook_markdown:4,1304,3,2,True,data/kp/physics/phy-m-phase-change.json
phy-m-plane-mirror,平面镜成像,physics,middle,8,A,100,0,,2,4,local_textbook_markdown:4,941,3,2,True,data/kp/physics/phy-m-plane-mirror.json
phy-m-pressure,压强,physics,middle,8,A,100,0,,2,4,local_textbook_markdown:4,922,3,2,True,data/kp/physics/phy-m-pressure.json
phy-m-refraction,折射规律应用,physics,middle,8,A,100,0,,3,4,local_textbook_markdown:4,998,3,2,True,data/kp/physics/phy-m-refraction.json
phy-m-resistance,电阻,physics,middle,9,A,100,0,,2,4,local_textbook_markdown:4,951,3,2,True,data/kp/physics/phy-m-resistance.json
phy-m-series-parallel,串联与并联电路,physics,middle,9,A,100,0,,2,4,local_textbook_markdown:4,1039,3,2,True,data/kp/physics/phy-m-series-parallel.json
phy-m-simple-machines,简单机械（杠杆/滑轮）,physics,middle,9,A,100,0,,2,4,local_textbook_markdown:4,964,3,2,True,data/kp/physics/phy-m-simple-machines.json
phy-m-sound-applications,声的利用（超声/次声）,physics,middle,8,A,100,0,,2,4,local_textbook_markdown:4,1015,3,2,True,data/kp/physics/phy-m-sound-applications.json
phy-m-sound-generation,声音的产生与传播,physics,middle,8,A,100,0,,3,4,local_textbook_markdown:4,1015,3,2,True,data/kp/physics/phy-m-sound-generation.json
phy-m-sound-properties,声音的特性（音调/响度/音色）,physics,middle,8,A,100,0,,2,4,local_textbook_markdown:4,1032,3,2,True,data/kp/physics/phy-m-sound-properties.json
phy-m-specific-heat,比热容,physics,middle,9,A,100,0,,3,4,local_textbook_markdown:4,967,3,2,True,data/kp/physics/phy-m-specific-heat.json
phy-m-spherical-mirror,球面镜（凹镜/凸镜）,physics,middle,8,A,100,0,,2,4,local_textbook_markdown:4,1093,3,2,True,data/kp/physics/phy-m-spherical-mirror.json
phy-m-static-electricity,静电现象,physics,middle,9,A,100,0,,2,4,local_textbook_markdown:4,1019,3,2,True,data/kp/physics/phy-m-static-electricity.json
phy-m-thermometer,温度与温度计,physics,middle,8,A,100,0,,2,4,local_textbook_markdown:4,984,3,2,True,data/kp/physics/phy-m-thermometer.json
phy-m-voltage,电压,physics,middle,9,A,100,0,,2,4,local_textbook_markdown:4,1021,3,2,True,data/kp/physics/phy-m-voltage.json
phy-m-work-energy,功与功率,physics,middle,9,A,100,0,,3,4,local_textbook_markdown:4,1042,3,2,True,data/kp/physics/phy-m-work-energy.json
pol-e-g1-u1,我是小学生啦,politics,elementary,1,A,100,0,,2,1,local_textbook_markdown:1,887,3,2,True,data/kp/politics/pol-e-g1-u1.json
pol-e-g1-u2,过好校园生活,politics,elementary,1,A,100,0,,2,1,local_textbook_markdown:1,846,3,2,True,data/kp/politics/pol-e-g1-u2.json
pol-e-g1-u3,养成良好习惯,politics,elementary,1,A,100,0,,2,1,local_textbook_markdown:1,870,3,2,True,data/kp/politics/pol-e-g1-u3.json
pol-e-g1-u4,我们讲文明,politics,elementary,1,A,100,0,,2,1,local_textbook_markdown:1,872,3,2,True,data/kp/politics/pol-e-g1-u4.json
pol-e-g2-u1,过好节假日,politics,elementary,2,A,100,0,,2,1,curriculum_md_structured:1,862,3,2,True,data/kp/politics/pol-e-g2-u1.json
pol-e-g2-u2,我爱我们班,politics,elementary,2,A,100,0,,2,1,local_textbook_markdown:1,816,3,2,True,data/kp/politics/pol-e-g2-u2.json
pol-e-g2-u3,我的家乡美,politics,elementary,2,A,100,0,,2,1,local_textbook_markdown:1,804,3,2,True,data/kp/politics/pol-e-g2-u3.json
pol-e-g2-u4,我爱我们的祖国,politics,elementary,2,A,100,0,,2,1,local_textbook_markdown:1,838,3,2,True,data/kp/politics/pol-e-g2-u4.json
pol-e-g3-u1,做学习的主人,politics,elementary,3,A,100,0,,2,1,local_textbook_markdown:1,831,3,2,True,data/kp/politics/pol-e-g3-u1.json
pol-e-g3-u2,学科学 爱科学,politics,elementary,3,A,100,0,,2,1,local_textbook_markdown:1,836,3,2,True,data/kp/politics/pol-e-g3-u2.json
pol-e-g3-u3,在集体中长大,politics,elementary,3,A,100,0,,2,1,local_textbook_markdown:1,818,3,2,True,data/kp/politics/pol-e-g3-u3.json
pol-e-g3-u4,公共生活靠大家,politics,elementary,3,A,100,0,,2,1,local_textbook_markdown:1,856,3,2,True,data/kp/politics/pol-e-g3-u4.json
pol-e-g4-u1,与班级共成长,politics,elementary,4,A,100,0,,2,1,local_textbook_markdown:1,835,3,2,True,data/kp/politics/pol-e-g4-u1.json
pol-e-g4-u2,为父母分担,politics,elementary,4,A,100,0,,2,1,local_textbook_markdown:1,824,3,2,True,data/kp/politics/pol-e-g4-u2.json
pol-e-g4-u3,信息万花筒,politics,elementary,4,A,100,0,,2,1,local_textbook_markdown:1,804,3,2,True,data/kp/politics/pol-e-g4-u3.json
pol-e-g4-u4,让生活多一些绿色,politics,elementary,4,A,100,0,,2,1,local_textbook_markdown:1,860,3,2,True,data/kp/politics/pol-e-g4-u4.json
pol-e-g5-u1,面对成长中的新问题,politics,elementary,5,A,100,0,,2,1,local_textbook_markdown:1,860,3,2,True,data/kp/politics/pol-e-g5-u1.json
pol-e-g5-u2,我们是班级的主人,politics,elementary,5,A,100,0,,2,1,local_textbook_markdown:1,834,3,2,True,data/kp/politics/pol-e-g5-u2.json
pol-e-g5-u3,我们的国土 我们的家园,politics,elementary,5,A,100,0,,2,1,local_textbook_markdown:1,903,3,2,True,data/kp/politics/pol-e-g5-u3.json
pol-e-g5-u4,骄人祖先 灿烂文化,politics,elementary,5,A,100,0,,2,1,local_textbook_markdown:1,880,3,2,True,data/kp/politics/pol-e-g5-u4.json
pol-e-g6-u1,我们的守护者,politics,elementary,6,A,100,0,,2,1,local_textbook_markdown:1,823,3,2,True,data/kp/politics/pol-e-g6-u1.json
pol-e-g6-u2,我们是公民,politics,elementary,6,A,100,0,,2,1,local_textbook_markdown:1,809,3,2,True,data/kp/politics/pol-e-g6-u2.json
pol-e-g6-u3,我们的国家机构,politics,elementary,6,A,100,0,,2,1,local_textbook_markdown:1,877,3,2,True,data/kp/politics/pol-e-g6-u3.json
pol-e-g6-u4,法律保护我们健康成长,politics,elementary,6,A,100,0,,2,1,local_textbook_markdown:1,861,3,2,True,data/kp/politics/pol-e-g6-u4.json
pol-h-opt1,当代国际政治与经济,politics,high,11,A,100,0,,3,1,local_textbook_markdown:1,967,3,2,True,data/kp/politics/pol-h-opt1.json
pol-h-opt2,法律与生活,politics,high,12,A,100,0,,3,1,local_textbook_markdown:1,953,3,2,True,data/kp/politics/pol-h-opt2.json
pol-h-opt3,逻辑与思维,politics,high,12,A,100,0,,3,1,local_textbook_markdown:1,978,3,2,True,data/kp/politics/pol-h-opt3.json
pol-h-req1,中国特色社会主义,politics,high,10,A,100,0,,4,1,local_textbook_markdown:1,1174,3,2,True,data/kp/politics/pol-h-req1.json
pol-h-req2,经济与社会,politics,high,10,A,100,0,,4,1,local_textbook_markdown:1,978,3,2,True,data/kp/politics/pol-h-req2.json
pol-h-req3,政治与法治,politics,high,11,A,100,0,,4,1,local_textbook_markdown:1,988,3,2,True,data/kp/politics/pol-h-req3.json
pol-h-req4,哲学与文化,politics,high,11,A,100,0,,4,1,local_textbook_markdown:1,1013,3,2,True,data/kp/politics/pol-h-req4.json
pol-m-g7-lo-u1,珍惜青春时光,politics,middle,7,A,100,0,,2,1,local_textbook_markdown:1,869,3,2,True,data/kp/politics/pol-m-g7-lo-u1.json
pol-m-g7-lo-u2,焕发青春活力,politics,middle,7,A,100,0,,2,1,local_textbook_markdown:1,866,3,2,True,data/kp/politics/pol-m-g7-lo-u2.json
pol-m-g7-lo-u3,传承中华优秀传统文化,politics,middle,7,A,100,0,,2,1,local_textbook_markdown:1,891,3,2,True,data/kp/politics/pol-m-g7-lo-u3.json
pol-m-g7-lo-u4,生活在法治社会,politics,middle,7,A,100,0,,2,1,local_textbook_markdown:1,890,3,2,True,data/kp/politics/pol-m-g7-lo-u4.json
pol-m-g7-up-u1,少年有梦,politics,middle,7,A,100,0,,2,1,local_textbook_markdown:1,857,3,2,True,data/kp/politics/pol-m-g7-up-u1.json
pol-m-g7-up-u2,成长的时空,politics,middle,7,A,100,0,,2,1,local_textbook_markdown:1,869,3,2,True,data/kp/politics/pol-m-g7-up-u2.json
pol-m-g7-up-u3,珍爱我们的生命,politics,middle,7,A,100,0,,2,1,local_textbook_markdown:1,856,3,2,True,data/kp/politics/pol-m-g7-up-u3.json
pol-m-g7-up-u4,追求美好人生,politics,middle,7,A,100,0,,2,1,local_textbook_markdown:1,881,3,2,True,data/kp/politics/pol-m-g7-up-u4.json
pol-m-g8-lo-u1,坚持宪法至上,politics,middle,8,A,100,0,,2,1,local_textbook_markdown:1,860,3,2,True,data/kp/politics/pol-m-g8-lo-u1.json
pol-m-g8-lo-u2,理解权利义务,politics,middle,8,A,100,0,,2,1,local_textbook_markdown:1,854,3,2,True,data/kp/politics/pol-m-g8-lo-u2.json
pol-m-g8-lo-u3,人民当家作主,politics,middle,8,A,100,0,,2,1,local_textbook_markdown:1,862,3,2,True,data/kp/politics/pol-m-g8-lo-u3.json
pol-m-g8-lo-u4,崇尚法治精神,politics,middle,8,A,100,0,,2,1,local_textbook_markdown:1,830,3,2,True,data/kp/politics/pol-m-g8-lo-u4.json
pol-m-g8-up-u1,走进社会生活,politics,middle,8,A,100,0,,2,1,local_textbook_markdown:1,862,3,2,True,data/kp/politics/pol-m-g8-up-u1.json
pol-m-g8-up-u2,遵守社会规则,politics,middle,8,A,100,0,,2,1,local_textbook_markdown:1,869,3,2,True,data/kp/politics/pol-m-g8-up-u2.json
pol-m-g8-up-u3,勇担社会责任,politics,middle,8,A,100,0,,2,1,local_textbook_markdown:1,859,3,2,True,data/kp/politics/pol-m-g8-up-u3.json
pol-m-g8-up-u4,维护国家利益,politics,middle,8,A,100,0,,2,1,local_textbook_markdown:1,840,3,2,True,data/kp/politics/pol-m-g8-up-u4.json
pol-m-g9-lo-u1,我们共同的世界,politics,middle,9,A,100,0,,2,1,local_textbook_markdown:1,881,3,2,True,data/kp/politics/pol-m-g9-lo-u1.json
pol-m-g9-lo-u2,世界舞台上的中国,politics,middle,9,A,100,0,,2,1,local_textbook_markdown:1,848,3,2,True,data/kp/politics/pol-m-g9-lo-u2.json
pol-m-g9-lo-u3,走向未来的少年,politics,middle,9,A,100,0,,2,1,local_textbook_markdown:1,839,3,2,True,data/kp/politics/pol-m-g9-lo-u3.json
pol-m-g9-up-u1,富强与创新,politics,middle,9,A,100,0,,2,1,local_textbook_markdown:1,861,3,2,True,data/kp/politics/pol-m-g9-up-u1.json
pol-m-g9-up-u2,民主与法治,politics,middle,9,A,100,0,,2,1,local_textbook_markdown:1,821,3,2,True,data/kp/politics/pol-m-g9-up-u2.json
pol-m-g9-up-u3,文明与家园,politics,middle,9,A,100,0,,2,1,local_textbook_markdown:1,817,3,2,True,data/kp/politics/pol-m-g9-up-u3.json
pol-m-g9-up-u4,和谐与梦想,politics,middle,9,A,100,0,,2,1,local_textbook_markdown:1,845,3,2,True,data/kp/politics/pol-m-g9-up-u4.json
psych-e-g1-learning-habit,学习习惯与友好交往,psychology,elementary,1,A,100,0,,2,1,local_textbook_markdown:1,855,3,2,True,data/kp/psychology/psych-e-g1-learning-habit.json
psych-e-g1-school-adapt,入学适应与规则意识,psychology,elementary,1,A,100,0,,3,1,local_textbook_markdown:1,877,3,2,True,data/kp/psychology/psych-e-g1-school-adapt.json
psych-e-g2-emotion-basics,情绪体验与自我控制,psychology,elementary,2,A,100,0,,2,1,local_textbook_markdown:1,800,3,2,True,data/kp/psychology/psych-e-g2-emotion-basics.json
psych-e-g2-self-confidence,自信与集体归属感,psychology,elementary,2,A,100,0,,3,1,local_textbook_markdown:1,908,3,2,True,data/kp/psychology/psych-e-g2-self-confidence.json
psych-e-g3-self-know,认识自我与学习兴趣,psychology,elementary,3,A,100,0,,2,1,local_textbook_markdown:1,801,3,2,True,data/kp/psychology/psych-e-g3-self-know.json
psych-e-g3-social-role,角色意识与时间管理,psychology,elementary,3,A,100,0,,2,1,local_textbook_markdown:1,858,3,2,True,data/kp/psychology/psych-e-g3-social-role.json
psych-e-g4-peer-relation,同伴交往与解决困难,psychology,elementary,4,A,100,0,,2,1,local_textbook_markdown:1,882,3,2,True,data/kp/psychology/psych-e-g4-peer-relation.json
psych-e-g4-study-motivation,学习自信与情绪表达,psychology,elementary,4,A,100,0,,2,1,local_textbook_markdown:1,862,3,2,True,data/kp/psychology/psych-e-g4-study-motivation.json
psych-e-g5-negative-emotion,面对挫折与情绪调节,psychology,elementary,5,A,100,0,,2,1,local_textbook_markdown:1,919,3,2,True,data/kp/psychology/psych-e-g5-negative-emotion.json
psych-e-g5-self-accept,悦纳自我与学习动机,psychology,elementary,5,A,100,0,,2,1,local_textbook_markdown:1,883,3,2,True,data/kp/psychology/psych-e-g5-self-accept.json
psych-e-g6-puberty,青春期教育与异性交往,psychology,elementary,6,A,100,0,,2,1,local_textbook_markdown:1,952,3,2,True,data/kp/psychology/psych-e-g6-puberty.json
psych-e-g6-social-citizen,亲社会行为与问题解决,psychology,elementary,6,A,100,0,,2,1,local_textbook_markdown:1,878,3,2,True,data/kp/psychology/psych-e-g6-social-citizen.json
psych-h-g10-learning-strategy,学习策略与考试适应,psychology,high,10,A,100,0,,2,1,local_textbook_markdown:1,854,3,2,True,data/kp/psychology/psych-h-g10-learning-strategy.json
psych-h-g10-relationship,人际关系与沟通,psychology,high,10,A,100,0,,2,1,local_textbook_markdown:1,842,3,2,True,data/kp/psychology/psych-h-g10-relationship.json
psych-h-g10-self-concept,自我认同与理想信念,psychology,high,10,A,100,0,,2,1,local_textbook_markdown:1,867,3,2,True,data/kp/psychology/psych-h-g10-self-concept.json
psych-h-g11-emotion-resilience,情绪管理与抗挫力,psychology,high,11,A,100,0,,2,1,local_textbook_markdown:1,829,3,2,True,data/kp/psychology/psych-h-g11-emotion-resilience.json
psych-h-g11-exam-wellness,考试心理与身心健康,psychology,high,11,A,100,0,,2,1,local_textbook_markdown:1,813,3,2,True,data/kp/psychology/psych-h-g11-exam-wellness.json
psych-h-g11-peer-support,同伴支持与合作学习,psychology,high,11,A,100,0,,2,1,local_textbook_markdown:1,818,3,2,True,data/kp/psychology/psych-h-g11-peer-support.json
psych-h-g12-career-choice,生涯规划与升学择业,psychology,high,12,A,100,0,,2,1,local_textbook_markdown:1,880,3,2,True,data/kp/psychology/psych-h-g12-career-choice.json
psych-h-g12-life-transition,人生过渡与社会适应,psychology,high,12,A,100,0,,2,1,local_textbook_markdown:1,830,3,2,True,data/kp/psychology/psych-h-g12-life-transition.json
psych-h-g12-mental-literacy,心理素养与终身发展,psychology,high,12,A,100,0,,2,1,local_textbook_markdown:1,814,3,2,True,data/kp/psychology/psych-h-g12-mental-literacy.json
psych-m-g7-interpersonal,亲子师生与同伴交往,psychology,middle,7,A,100,0,,2,1,local_textbook_markdown:1,840,3,2,True,data/kp/psychology/psych-m-g7-interpersonal.json
psych-m-g7-self-identity,自我认识与青春期适应,psychology,middle,7,A,100,0,,2,1,local_textbook_markdown:1,862,3,2,True,data/kp/psychology/psych-m-g7-self-identity.json
psych-m-g7-study-adapt,学习适应与情绪管理,psychology,middle,7,A,100,0,,2,1,local_textbook_markdown:1,827,3,2,True,data/kp/psychology/psych-m-g7-study-adapt.json
psych-m-g8-puberty-relation,青春期交往与情绪调适,psychology,middle,8,A,100,0,,2,1,local_textbook_markdown:1,835,3,2,True,data/kp/psychology/psych-m-g8-puberty-relation.json
psych-m-g8-role-identity,角色认同与社会适应,psychology,middle,8,A,100,0,,2,1,local_textbook_markdown:1,853,3,2,True,data/kp/psychology/psych-m-g8-role-identity.json
psych-m-g8-stress-coping,学业压力与挫折应对,psychology,middle,8,A,100,0,,2,1,local_textbook_markdown:1,796,3,2,True,data/kp/psychology/psych-m-g8-stress-coping.json
psych-m-g9-career-explore,升学择业与生涯探索,psychology,middle,9,A,100,0,,2,1,local_textbook_markdown:1,859,3,2,True,data/kp/psychology/psych-m-g9-career-explore.json
psych-m-g9-mental-health,心理健康素养与求助,psychology,middle,9,A,100,0,,2,1,local_textbook_markdown:1,842,3,2,True,data/kp/psychology/psych-m-g9-mental-health.json
psych-m-g9-social-adapt,社会适应与责任意识,psychology,middle,9,A,100,0,,2,1,local_textbook_markdown:1,842,3,2,True,data/kp/psychology/psych-m-g9-social-adapt.json
sci-e-animal-features,动物的外形与特征,science,elementary,2,A,100,0,,2,4,local_textbook_markdown:4,870,3,2,True,data/kp/science/sci-e-animal-features.json
sci-e-animal-life-cycle,动物的生长与繁殖,science,elementary,3,A,100,0,,2,4,local_textbook_markdown:4,870,3,2,True,data/kp/science/sci-e-animal-life-cycle.json
sci-e-bridge-structure,结构与稳定性（搭建桥梁）,science,elementary,4,A,100,0,,3,4,local_textbook_markdown:4,968,3,2,True,data/kp/science/sci-e-bridge-structure.json
sci-e-classification,生物的分类,science,elementary,4,A,100,0,,3,4,local_textbook_markdown:4,851,3,2,True,data/kp/science/sci-e-classification.json
sci-e-climate,气候与气候变化,science,elementary,6,A,100,0,,2,4,local_textbook_markdown:4,1541,3,2,True,data/kp/science/sci-e-climate.json
sci-e-conductors-insulators,导体与绝缘体,science,elementary,4,A,100,0,,2,4,local_textbook_markdown:4,944,3,2,True,data/kp/science/sci-e-conductors-insulators.json
sci-e-day-night,昼夜变化与地球自转,science,elementary,3,A,100,0,,2,4,local_textbook_markdown:4,1103,3,2,True,data/kp/science/sci-e-day-night.json
sci-e-design-process,设计与制作（工程设计初步）,science,elementary,3,A,100,0,,3,4,local_textbook_markdown:4,1158,3,2,True,data/kp/science/sci-e-design-process.json
sci-e-disease-prevention,疾病预防与卫生习惯,science,elementary,6,A,100,0,,2,4,local_textbook_markdown:4,1553,3,2,True,data/kp/science/sci-e-disease-prevention.json
sci-e-dissolving,溶解现象,science,elementary,4,A,100,0,,2,4,local_textbook_markdown:4,1458,3,2,True,data/kp/science/sci-e-dissolving.json
sci-e-earth-surface-change,地表的变化（侵蚀、沉积、火山、地震）,science,elementary,5,A,100,0,,2,4,local_textbook_markdown:4,1587,3,2,True,data/kp/science/sci-e-earth-surface-change.json
sci-e-ecosystem,生物与环境（食物链、食物网）,science,elementary,5,A,100,0,,2,4,local_textbook_markdown:4,966,3,2,True,data/kp/science/sci-e-ecosystem.json
sci-e-electricity-basic,简单电路,science,elementary,4,A,100,0,,1,4,local_textbook_markdown:4,729,3,2,True,data/kp/science/sci-e-electricity-basic.json
sci-e-energy-forms,能量的多种形式,science,elementary,6,A,100,0,,2,4,local_textbook_markdown:4,931,3,2,True,data/kp/science/sci-e-energy-forms.json
sci-e-environment-protection,环境保护与生态平衡,science,elementary,6,A,100,0,,3,4,local_textbook_markdown:4,984,3,2,True,data/kp/science/sci-e-environment-protection.json
sci-e-friction,摩擦力,science,elementary,5,A,100,0,,2,4,local_textbook_markdown:4,908,3,2,True,data/kp/science/sci-e-friction.json
sci-e-gravity,地球引力与重力,science,elementary,5,A,100,0,,2,4,local_textbook_markdown:4,1207,3,2,True,data/kp/science/sci-e-gravity.json
sci-e-heat-transfer,热的传递,science,elementary,5,A,100,0,,2,4,local_textbook_markdown:4,742,3,2,True,data/kp/science/sci-e-heat-transfer.json
sci-e-heredity-intro,遗传与变异现象（入门）,science,elementary,6,A,100,0,,2,4,local_textbook_markdown:4,1093,3,2,True,data/kp/science/sci-e-heredity-intro.json
sci-e-human-body-systems,人体主要器官系统,science,elementary,4,A,100,0,,2,4,local_textbook_markdown:4,948,3,2,True,data/kp/science/sci-e-human-body-systems.json
sci-e-information-tech,信息技术与生活,science,elementary,5,A,100,0,,2,4,local_textbook_markdown:4,1346,3,2,True,data/kp/science/sci-e-information-tech.json
sci-e-light,光的传播与影子,science,elementary,3,A,100,0,,2,4,local_textbook_markdown:4,1331,3,2,True,data/kp/science/sci-e-light.json
sci-e-living-vs-nonliving,生物与非生物,science,elementary,1,A,100,0,,2,4,local_textbook_markdown:4,922,3,2,True,data/kp/science/sci-e-living-vs-nonliving.json
sci-e-magnetism,磁铁与磁现象,science,elementary,2,A,100,0,,3,4,local_textbook_markdown:4,839,3,2,True,data/kp/science/sci-e-magnetism.json
sci-e-materials-in-life,生活中常见的材料,science,elementary,2,A,100,0,,2,4,local_textbook_markdown:4,948,3,2,True,data/kp/science/sci-e-materials-in-life.json
sci-e-measurement,测量与数据记录,science,elementary,2,A,100,0,,2,4,local_textbook_markdown:4,1022,3,2,True,data/kp/science/sci-e-measurement.json
sci-e-moon-phases,月相变化,science,elementary,4,A,100,0,,2,4,local_textbook_markdown:4,877,3,2,True,data/kp/science/sci-e-moon-phases.json
sci-e-motion-speed,运动与速度,science,elementary,4,A,100,0,,2,4,local_textbook_markdown:4,920,3,2,True,data/kp/science/sci-e-motion-speed.json
sci-e-nutrition-health,饮食、营养与健康,science,elementary,5,A,100,0,,2,4,local_textbook_markdown:4,1458,3,2,True,data/kp/science/sci-e-nutrition-health.json
sci-e-object-properties,观察物体的外部特征,science,elementary,1,A,100,0,,3,4,local_textbook_markdown:4,897,3,2,True,data/kp/science/sci-e-object-properties.json
sci-e-photosynthesis-intro,植物的光合作用与呼吸（入门）,science,elementary,5,A,100,0,,2,4,local_textbook_markdown:4,976,3,2,True,data/kp/science/sci-e-photosynthesis-intro.json
sci-e-plant-life-cycle,植物的一生（种子到果实）,science,elementary,3,A,100,0,,2,4,local_textbook_markdown:4,931,3,2,True,data/kp/science/sci-e-plant-life-cycle.json
sci-e-plant-parts,植物的各部分,science,elementary,1,A,100,0,,2,4,local_textbook_markdown:4,864,3,2,True,data/kp/science/sci-e-plant-parts.json
sci-e-push-pull-force,推和拉的力,science,elementary,2,A,100,0,,2,4,local_textbook_markdown:4,788,3,2,True,data/kp/science/sci-e-push-pull-force.json
sci-e-rocks-soil,岩石与土壤,science,elementary,4,A,100,0,,3,4,local_textbook_markdown:4,1003,3,2,True,data/kp/science/sci-e-rocks-soil.json
sci-e-seasons,四季变化,science,elementary,2,A,100,0,,2,4,local_textbook_markdown:4,877,3,2,True,data/kp/science/sci-e-seasons.json
sci-e-senses,人的感官,science,elementary,2,A,100,0,,2,4,local_textbook_markdown:4,838,3,2,True,data/kp/science/sci-e-senses.json
sci-e-simple-machines,简单机械（杠杆、滑轮、斜面）,science,elementary,6,A,100,0,,3,4,local_textbook_markdown:4,926,3,2,True,data/kp/science/sci-e-simple-machines.json
sci-e-simple-robot,简易机械玩具与机器人入门,science,elementary,5,A,100,0,,3,4,local_textbook_markdown:4,1181,3,2,True,data/kp/science/sci-e-simple-robot.json
sci-e-solar-system,太阳系,science,elementary,6,A,100,0,,3,4,local_textbook_markdown:4,962,3,2,True,data/kp/science/sci-e-solar-system.json
sci-e-solid-liquid-gas,物质的三态与变化,science,elementary,3,A,100,0,,3,4,local_textbook_markdown:4,919,3,2,True,data/kp/science/sci-e-solid-liquid-gas.json
sci-e-sound,声音的产生与传播,science,elementary,4,A,100,0,,3,4,local_textbook_markdown:4,1016,3,2,True,data/kp/science/sci-e-sound.json
sci-e-space-exploration,人类的航天探索,science,elementary,6,A,100,0,,2,4,local_textbook_markdown:4,925,3,2,True,data/kp/science/sci-e-space-exploration.json
sci-e-sustainable-engineering,绿色工程与可持续发展,science,elementary,6,A,100,0,,3,4,local_textbook_markdown:4,941,3,2,True,data/kp/science/sci-e-sustainable-engineering.json
sci-e-tools-use,常见工具的使用,science,elementary,1,A,100,0,,2,4,local_textbook_markdown:4,987,3,2,True,data/kp/science/sci-e-tools-use.json
sci-e-water-cycle-matter,水的蒸发、凝结与循环,science,elementary,3,A,100,0,,1,4,local_textbook_markdown:4,779,3,2,True,data/kp/science/sci-e-water-cycle-matter.json
sci-e-water-earth,地球上的水资源,science,elementary,3,A,100,0,,2,4,local_textbook_markdown:4,969,3,2,True,data/kp/science/sci-e-water-earth.json
sci-e-weather-observation,天气的观察,science,elementary,1,A,100,0,,2,4,local_textbook_markdown:4,859,3,2,True,data/kp/science/sci-e-weather-observation.json
