kp_id,name,subject,subject_zh,stage,grade,curriculum,domain,path,curriculum_points_count,excerpts_count,curriculum_md_chars,has_curriculum_md,textbook_chapter,textbook_chars,has_usable_textbook,exercises_count,errors_count,interactive_count,real_world_count,has_teaching_methods,has_extensions,gap_count,gaps,quality_flags
ancient-china-h,中国古代史：文明起源与制度演进总览,history,历史,high,10,cn,中国古代史,data/kp/history/ancient-china-h.json,2,2,1040,True,,5931,True,3,2,0,1,True,True,0,,
bio-h-atp,ATP 与能量代谢,biology,生物,high,10,cn,细胞代谢,data/kp/biology/bio-h-atp.json,2,2,903,True,,5122,True,3,2,0,1,True,True,0,,
bio-h-biodiversity-h,生物多样性及其保护,biology,生物,high,11,cn,生态学,data/kp/biology/bio-h-biodiversity-h.json,2,2,1001,True,,5722,True,3,2,0,1,True,True,0,,
bio-h-blood-sugar-regulation,血糖调节与糖尿病,biology,生物,high,11,cn,稳态与调节,data/kp/biology/bio-h-blood-sugar-regulation.json,2,2,1024,True,,5122,True,3,2,0,1,True,True,0,,
bio-h-breeding,育种,biology,生物,high,10,cn,变异与进化,data/kp/biology/bio-h-breeding.json,2,2,964,True,,5122,True,3,2,0,1,True,True,0,,
bio-h-cancer-cell,癌细胞与癌症防治,biology,生物,high,10,cn,细胞的生命历程,data/kp/biology/bio-h-cancer-cell.json,2,2,957,True,,5261,True,3,2,0,1,True,True,0,,
bio-h-cell-aging-apoptosis,细胞衰老与凋亡,biology,生物,high,10,cn,细胞的生命历程,data/kp/biology/bio-h-cell-aging-apoptosis.json,2,2,925,True,,5261,True,3,2,0,1,True,True,0,,
bio-h-cell-cycle,细胞周期,biology,生物,high,10,cn,细胞的生命历程,data/kp/biology/bio-h-cell-cycle.json,2,2,967,True,,5767,True,3,2,0,1,True,True,0,,
bio-h-cell-differentiation,细胞分化,biology,生物,high,10,cn,细胞的生命历程,data/kp/biology/bio-h-cell-differentiation.json,2,2,982,True,,5261,True,3,2,0,1,True,True,0,,
bio-h-cell-division,细胞分裂综合,biology,生物,high,10,cn,细胞的生命历程,data/kp/biology/bio-h-cell-division.json,3,3,1012,True,,5190,True,3,2,0,1,True,True,0,,
bio-h-cell-membrane,细胞膜结构,biology,生物,high,10,cn,细胞的结构,data/kp/biology/bio-h-cell-membrane.json,3,3,1013,True,,5788,True,3,2,0,1,True,True,0,,
bio-h-cell-metabolism,细胞代谢总论,biology,生物,high,10,cn,细胞代谢,data/kp/biology/bio-h-cell-metabolism.json,4,4,985,True,,5261,True,3,2,0,1,True,True,0,,
bio-h-cell-structure,细胞总论,biology,生物,high,10,cn,细胞的结构,data/kp/biology/bio-h-cell-structure.json,4,4,1098,True,,5261,True,3,2,0,1,True,True,0,,
bio-h-cellular-respiration,细胞呼吸,biology,生物,high,10,cn,细胞代谢,data/kp/biology/bio-h-cellular-respiration.json,2,2,923,True,,5441,True,3,2,0,1,True,True,0,,
bio-h-chromosome-variation,染色体变异,biology,生物,high,10,cn,变异与进化,data/kp/biology/bio-h-chromosome-variation.json,2,2,988,True,,5713,True,3,2,0,1,True,True,0,,
bio-h-community,群落,biology,生物,high,11,cn,生态学,data/kp/biology/bio-h-community.json,3,3,966,True,选择性必修二 第2章,5122,True,3,2,0,1,True,True,0,,
bio-h-dna-gene,DNA 与基因综合,biology,生物,high,10,cn,基因的分子基础,data/kp/biology/bio-h-dna-gene.json,3,3,1062,True,,5722,True,3,2,0,1,True,True,0,,
bio-h-dna-is-genetic-material,DNA 是遗传物质,biology,生物,high,10,cn,基因的分子基础,data/kp/biology/bio-h-dna-is-genetic-material.json,2,2,978,True,,5695,True,3,2,0,1,True,True,0,,
bio-h-dna-replication,DNA 复制,biology,生物,high,10,cn,基因的分子基础,data/kp/biology/bio-h-dna-replication.json,2,2,886,True,,5695,True,3,2,0,1,True,True,0,,
bio-h-dna-structure,DNA 分子结构,biology,生物,high,10,cn,基因的分子基础,data/kp/biology/bio-h-dna-structure.json,2,2,1030,True,,5695,True,3,2,0,1,True,True,0,,
bio-h-ecosystem,生态系统总论,biology,生物,high,11,cn,生态学,data/kp/biology/bio-h-ecosystem.json,2,2,943,True,,5716,True,3,2,0,1,True,True,0,,
bio-h-ecosystem-stability,生态系统稳定性,biology,生物,high,11,cn,生态学,data/kp/biology/bio-h-ecosystem-stability.json,3,3,978,True,,5716,True,3,2,0,1,True,True,0,,
bio-h-ecosystem-structure,生态系统结构,biology,生物,high,11,cn,生态学,data/kp/biology/bio-h-ecosystem-structure.json,3,3,1120,True,,5716,True,3,2,0,1,True,True,0,,
bio-h-elements-compounds,组成细胞的元素与化合物,biology,生物,high,10,cn,细胞的结构,data/kp/biology/bio-h-elements-compounds.json,4,4,1087,True,,5261,True,3,2,0,1,True,True,0,,
bio-h-endomembrane-system,生物膜系统,biology,生物,high,10,cn,细胞的结构,data/kp/biology/bio-h-endomembrane-system.json,2,2,961,True,,5122,True,3,2,0,1,True,True,0,,
bio-h-energy-flow,生态系统能量流动,biology,生物,high,11,cn,生态学,data/kp/biology/bio-h-energy-flow.json,2,2,1034,True,,5716,True,3,2,0,1,True,True,0,,
bio-h-enzyme,酶,biology,生物,high,10,cn,细胞代谢,data/kp/biology/bio-h-enzyme.json,2,2,930,True,,4969,True,3,2,0,1,True,True,0,,
bio-h-evolution-evidence,生物进化的证据,biology,生物,high,10,cn,变异与进化,data/kp/biology/bio-h-evolution-evidence.json,2,2,975,True,,5200,True,3,2,0,1,True,True,0,,
bio-h-gene-concept,基因的概念与表达,biology,生物,high,10,cn,基因的分子基础,data/kp/biology/bio-h-gene-concept.json,2,2,970,True,,5725,True,3,2,0,1,True,True,0,,
bio-h-gene-mutation,基因突变,biology,生物,high,10,cn,变异与进化,data/kp/biology/bio-h-gene-mutation.json,2,2,973,True,,5701,True,3,2,0,1,True,True,0,,
bio-h-gene-regulation,基因表达调控,biology,生物,high,10,cn,基因的分子基础,data/kp/biology/bio-h-gene-regulation.json,2,2,894,True,,5797,True,3,2,0,1,True,True,0,,
bio-h-gene-to-protein,从基因到蛋白质,biology,生物,high,10,cn,基因的分子基础,data/kp/biology/bio-h-gene-to-protein.json,3,3,964,True,,4881,True,3,2,0,1,True,True,0,,
bio-h-genetic-variation,遗传变异综合,biology,生物,high,10,cn,变异与进化,data/kp/biology/bio-h-genetic-variation.json,3,3,1026,True,,5713,True,3,2,0,1,True,True,0,,
bio-h-genetics-mendel,孟德尔遗传综合,biology,生物,high,10,cn,孟德尔遗传定律,data/kp/biology/bio-h-genetics-mendel.json,2,2,983,True,,5582,True,3,2,0,1,True,True,0,,
bio-h-human-genetics,人类遗传病,biology,生物,high,10,cn,孟德尔遗传定律,data/kp/biology/bio-h-human-genetics.json,2,2,990,True,,5582,True,3,2,0,1,True,True,0,,
bio-h-humoral-regulation,体液调节,biology,生物,high,11,cn,稳态与调节,data/kp/biology/bio-h-humoral-regulation.json,3,3,988,True,选择性必修一 第3章,5122,True,3,2,0,1,True,True,0,,
bio-h-immune-regulation,免疫调节,biology,生物,high,11,cn,稳态与调节,data/kp/biology/bio-h-immune-regulation.json,3,3,954,True,选择性必修一 第4章,5710,True,3,2,0,1,True,True,0,,
bio-h-information-transmission,生态系统信息传递,biology,生物,high,11,cn,生态学,data/kp/biology/bio-h-information-transmission.json,2,2,1045,True,,5716,True,3,2,0,1,True,True,0,,
bio-h-internal-environment,内环境与稳态,biology,生物,high,11,cn,稳态与调节,data/kp/biology/bio-h-internal-environment.json,2,2,1066,True,选择性必修一 第1章,5122,True,3,2,0,1,True,True,0,,
bio-h-material-cycle-h,生态系统物质循环,biology,生物,high,11,cn,生态学,data/kp/biology/bio-h-material-cycle-h.json,2,2,1034,True,,5716,True,3,2,0,1,True,True,0,,
bio-h-meiosis,减数分裂,biology,生物,high,10,cn,细胞的生命历程,data/kp/biology/bio-h-meiosis.json,2,2,1045,True,,5708,True,3,2,0,1,True,True,0,,
bio-h-mendel-law-1,分离定律,biology,生物,high,10,cn,孟德尔遗传定律,data/kp/biology/bio-h-mendel-law-1.json,2,2,886,True,,5122,True,3,2,0,1,True,True,0,,
bio-h-mendel-law-2,自由组合定律,biology,生物,high,10,cn,孟德尔遗传定律,data/kp/biology/bio-h-mendel-law-2.json,2,2,975,True,,5122,True,3,2,0,1,True,True,0,,
bio-h-mitosis,有丝分裂,biology,生物,high,10,cn,细胞的生命历程,data/kp/biology/bio-h-mitosis.json,3,3,978,True,,5710,True,3,2,0,1,True,True,0,,
bio-h-natural-selection,自然选择与适应,biology,生物,high,10,cn,变异与进化,data/kp/biology/bio-h-natural-selection.json,2,2,975,True,,5809,True,3,2,0,1,True,True,0,,
bio-h-nervous-humoral-immune,神经—体液—免疫综合,biology,生物,high,11,cn,稳态与调节,data/kp/biology/bio-h-nervous-humoral-immune.json,3,3,1079,True,,5710,True,3,2,0,1,True,True,0,,
bio-h-nervous-regulation,神经调节,biology,生物,high,11,cn,稳态与调节,data/kp/biology/bio-h-nervous-regulation.json,3,3,1031,True,选择性必修一 第2章,5778,True,3,2,0,1,True,True,0,,
bio-h-nucleus,细胞核,biology,生物,high,10,cn,细胞的结构,data/kp/biology/bio-h-nucleus.json,2,2,865,True,,5261,True,3,2,0,1,True,True,0,,
bio-h-organelles,细胞器,biology,生物,high,10,cn,细胞的结构,data/kp/biology/bio-h-organelles.json,4,4,1016,True,,5444,True,3,2,0,1,True,True,0,,
bio-h-photosynthesis,光合作用,biology,生物,high,10,cn,细胞代谢,data/kp/biology/bio-h-photosynthesis.json,3,3,1026,True,,5728,True,3,2,0,1,True,True,0,,
bio-h-photosynthesis-respiration-relation,光合与呼吸的关系,biology,生物,high,10,cn,细胞代谢,data/kp/biology/bio-h-photosynthesis-respiration-relation.json,3,3,1036,True,,5122,True,3,2,0,1,True,True,0,,
bio-h-plant-hormone,植物激素调节,biology,生物,high,11,cn,稳态与调节,data/kp/biology/bio-h-plant-hormone.json,4,4,1030,True,,5715,True,3,2,0,1,True,True,0,,
bio-h-population,种群及其特征,biology,生物,high,11,cn,生态学,data/kp/biology/bio-h-population.json,3,3,969,True,,5122,True,3,2,0,1,True,True,0,,
bio-h-prokaryote-eukaryote,原核细胞与真核细胞,biology,生物,high,10,cn,细胞的结构,data/kp/biology/bio-h-prokaryote-eukaryote.json,2,2,945,True,,5261,True,3,2,0,1,True,True,0,,
bio-h-protein-nucleic-acid,蛋白质与核酸,biology,生物,high,10,cn,细胞的结构,data/kp/biology/bio-h-protein-nucleic-acid.json,2,2,998,True,,5398,True,3,2,0,1,True,True,0,,
bio-h-sex-linked-inheritance,伴性遗传,biology,生物,high,10,cn,孟德尔遗传定律,data/kp/biology/bio-h-sex-linked-inheritance.json,2,2,890,True,,5582,True,3,2,0,1,True,True,0,,
bio-h-speciation,物种形成,biology,生物,high,10,cn,变异与进化,data/kp/biology/bio-h-speciation.json,2,2,933,True,,5413,True,3,2,0,1,True,True,0,,
bio-h-stem-cell,干细胞,biology,生物,high,10,cn,细胞的生命历程,data/kp/biology/bio-h-stem-cell.json,2,2,993,True,,5261,True,3,2,0,1,True,True,0,,
bio-h-sugar-lipid,糖类与脂质,biology,生物,high,10,cn,细胞的结构,data/kp/biology/bio-h-sugar-lipid.json,2,2,919,True,,4775,True,3,2,0,1,True,True,0,,
bio-h-transport-across-membrane,物质跨膜运输,biology,生物,high,10,cn,细胞代谢,data/kp/biology/bio-h-transport-across-membrane.json,4,4,902,True,,5122,True,3,2,0,1,True,True,0,,
bio-m-animal-behavior,动物行为,biology,生物,middle,8,cn,动物、微生物与健康,data/kp/biology/bio-m-animal-behavior.json,2,2,1330,True,,5705,True,3,2,0,1,True,True,0,,
bio-m-animal-diversity,动物的主要类群,biology,生物,middle,8,cn,动物、微生物与健康,data/kp/biology/bio-m-animal-diversity.json,3,3,943,True,,5705,True,3,2,0,1,True,True,0,,
bio-m-asexual-reproduction,植物的无性生殖,biology,生物,middle,7,cn,植物的结构与生理,data/kp/biology/bio-m-asexual-reproduction.json,3,3,975,True,,5824,True,3,2,0,1,True,True,0,,
bio-m-bio-characteristics,生物的基本特征,biology,生物,middle,7,cn,生物体的结构层次,data/kp/biology/bio-m-bio-characteristics.json,3,3,1025,True,,5115,True,3,2,0,1,True,True,0,,
bio-m-bio-classification,生物分类,biology,生物,middle,8,cn,生物多样性与跨学科实践,data/kp/biology/bio-m-bio-classification.json,3,3,950,True,,5115,True,3,2,0,1,True,True,0,,
bio-m-biodiversity-m,生物多样性及其保护,biology,生物,middle,8,cn,生物多样性与跨学科实践,data/kp/biology/bio-m-biodiversity-m.json,3,3,991,True,,5715,True,3,2,0,1,True,True,0,,
bio-m-biology-cross-disciplinary-practice,生物学跨学科实践,biology,生物,middle,8,cn,生物多样性与跨学科实践,data/kp/biology/bio-m-biology-cross-disciplinary-practice.json,4,4,1281,True,,5115,True,3,2,0,1,True,True,0,,
bio-m-biosphere,生物圈,biology,生物,middle,7,cn,生物与环境,data/kp/biology/bio-m-biosphere.json,4,4,993,True,,5683,True,3,2,0,1,True,True,0,,
bio-m-biosphere-largest,生物圈是最大的生态系统,biology,生物,middle,7,cn,生物与环境,data/kp/biology/bio-m-biosphere-largest.json,3,3,965,True,,5711,True,3,2,0,1,True,True,0,,
bio-m-biosphere-scope,生物圈的范围,biology,生物,middle,7,cn,生物与环境,data/kp/biology/bio-m-biosphere-scope.json,3,3,976,True,,5683,True,3,2,0,1,True,True,0,,
bio-m-cell-basics,细胞基础,biology,生物,middle,7,cn,生物体的结构层次,data/kp/biology/bio-m-cell-basics.json,3,3,897,True,,5254,True,3,2,0,1,True,True,0,,
bio-m-cell-division-junior,细胞分化,biology,生物,middle,7,cn,生物体的结构层次,data/kp/biology/bio-m-cell-division-junior.json,3,3,900,True,,5254,True,3,2,0,1,True,True,0,,
bio-m-cell-division-m,细胞分裂,biology,生物,middle,7,cn,生物体的结构层次,data/kp/biology/bio-m-cell-division-m.json,3,3,910,True,必修一 第6章,5183,True,3,2,0,1,True,True,0,,
bio-m-cell-life-activities,细胞的生命活动,biology,生物,middle,7,cn,生物体的结构层次,data/kp/biology/bio-m-cell-life-activities.json,3,3,964,True,,5254,True,3,2,0,1,True,True,0,,
bio-m-cell-structure-m,细胞的结构,biology,生物,middle,7,cn,生物体的结构层次,data/kp/biology/bio-m-cell-structure-m.json,3,3,1048,True,必修一 第3章,5735,True,3,2,0,1,True,True,0,,
bio-m-circulation-respiration,循环与呼吸综合,biology,生物,middle,7,cn,人体结构与功能,data/kp/biology/bio-m-circulation-respiration.json,3,3,1029,True,,5567,True,3,2,0,1,True,True,0,,
bio-m-circulatory-system,循环系统,biology,生物,middle,7,cn,人体结构与功能,data/kp/biology/bio-m-circulatory-system.json,3,3,970,True,,5808,True,3,2,0,1,True,True,0,,
bio-m-digestion-system,消化系统,biology,生物,middle,7,cn,人体结构与功能,data/kp/biology/bio-m-digestion-system.json,3,3,921,True,,5802,True,3,2,0,1,True,True,0,,
bio-m-eco-factors,生态因素,biology,生物,middle,7,cn,生物与环境,data/kp/biology/bio-m-eco-factors.json,4,4,970,True,,5129,True,3,2,0,1,True,True,0,,
bio-m-ecosystem-junior,生态系统的组成,biology,生物,middle,8,cn,生物与环境,data/kp/biology/bio-m-ecosystem-junior.json,4,4,1005,True,,5709,True,3,2,0,1,True,True,0,,
bio-m-endocrine-system-m,内分泌系统,biology,生物,middle,7,cn,人体结构与功能,data/kp/biology/bio-m-endocrine-system-m.json,2,2,1080,True,,5033,True,3,2,0,1,True,True,0,,
bio-m-excretory-system,排泄系统,biology,生物,middle,7,cn,人体结构与功能,data/kp/biology/bio-m-excretory-system.json,4,4,938,True,,5115,True,3,2,0,1,True,True,0,,
bio-m-flower-structure,花的结构与传粉,biology,生物,middle,7,cn,植物的结构与生理,data/kp/biology/bio-m-flower-structure.json,3,3,1055,True,,5753,True,3,2,0,1,True,True,0,,
bio-m-food-chain,食物链与食物网,biology,生物,middle,7,cn,生物与环境,data/kp/biology/bio-m-food-chain.json,3,3,949,True,,5739,True,3,2,0,1,True,True,0,,
bio-m-fruit-seed-formation,果实与种子的形成,biology,生物,middle,7,cn,植物的结构与生理,data/kp/biology/bio-m-fruit-seed-formation.json,3,3,1051,True,,5736,True,3,2,0,1,True,True,0,,
bio-m-human-body-overview,人体概述,biology,生物,middle,7,cn,人体结构与功能,data/kp/biology/bio-m-human-body-overview.json,3,3,973,True,,5760,True,3,2,0,1,True,True,0,,
bio-m-infectious-disease,传染病与免疫,biology,生物,middle,8,cn,动物、微生物与健康,data/kp/biology/bio-m-infectious-disease.json,2,2,999,True,,5703,True,3,2,0,1,True,True,0,,
bio-m-leaf-structure,叶片结构,biology,生物,middle,7,cn,植物的结构与生理,data/kp/biology/bio-m-leaf-structure.json,3,3,948,True,,5753,True,3,2,0,1,True,True,0,,
bio-m-microorganism,微生物（细菌/真菌/病毒）,biology,生物,middle,8,cn,动物、微生物与健康,data/kp/biology/bio-m-microorganism.json,4,4,1074,True,,5721,True,3,2,0,1,True,True,0,,
bio-m-microorganism-health,微生物与人类健康,biology,生物,middle,8,cn,动物、微生物与健康,data/kp/biology/bio-m-microorganism-health.json,3,3,1007,True,,5721,True,3,2,0,1,True,True,0,,
bio-m-microscope-use,显微镜的使用,biology,生物,middle,7,cn,生物体的结构层次,data/kp/biology/bio-m-microscope-use.json,3,3,1167,True,,5547,True,3,2,0,1,True,True,0,,
bio-m-nervous-system-m,神经系统,biology,生物,middle,7,cn,人体结构与功能,data/kp/biology/bio-m-nervous-system-m.json,2,2,1012,True,,5663,True,3,2,0,1,True,True,0,,
bio-m-photosynthesis-m,光合作用,biology,生物,middle,7,cn,植物的结构与生理,data/kp/biology/bio-m-photosynthesis-m.json,2,2,936,True,,5721,True,3,2,0,1,True,True,0,,
bio-m-plant-classification,植物的主要类群,biology,生物,middle,7,cn,植物的结构与生理,data/kp/biology/bio-m-plant-classification.json,3,3,1038,True,,5697,True,3,2,0,1,True,True,0,,
bio-m-plant-structure,绿色植物整体结构,biology,生物,middle,7,cn,植物的结构与生理,data/kp/biology/bio-m-plant-structure.json,3,3,1062,True,,5697,True,3,2,0,1,True,True,0,,
bio-m-reproduction-development,人的生殖与发育,biology,生物,middle,7,cn,人体结构与功能,data/kp/biology/bio-m-reproduction-development.json,3,3,1122,True,第四单元 第7章,5115,True,3,2,0,1,True,True,0,,
bio-m-respiration-m,呼吸作用,biology,生物,middle,7,cn,植物的结构与生理,data/kp/biology/bio-m-respiration-m.json,3,3,1004,True,,5434,True,3,2,0,1,True,True,0,,
bio-m-respiratory-system,呼吸系统,biology,生物,middle,7,cn,人体结构与功能,data/kp/biology/bio-m-respiratory-system.json,3,3,979,True,,5810,True,3,2,0,1,True,True,0,,
bio-m-root-tip,根尖结构,biology,生物,middle,7,cn,植物的结构与生理,data/kp/biology/bio-m-root-tip.json,4,4,918,True,,5703,True,3,2,0,1,True,True,0,,
bio-m-seed-structure,种子结构与萌发,biology,生物,middle,7,cn,植物的结构与生理,data/kp/biology/bio-m-seed-structure.json,4,4,1135,True,,5698,True,3,2,0,1,True,True,0,,
bio-m-stem-transport,茎的运输作用,biology,生物,middle,7,cn,植物的结构与生理,data/kp/biology/bio-m-stem-transport.json,3,3,1000,True,,5515,True,3,2,0,1,True,True,0,,
bio-m-tissue-types,组织与器官,biology,生物,middle,7,cn,生物体的结构层次,data/kp/biology/bio-m-tissue-types.json,3,3,978,True,,5115,True,3,2,0,1,True,True,0,,
bio-m-transpiration,蒸腾作用,biology,生物,middle,7,cn,植物的结构与生理,data/kp/biology/bio-m-transpiration.json,3,3,941,True,,5718,True,3,2,0,1,True,True,0,,
bio-m-urinary-nervous,泌尿系统,biology,生物,middle,7,cn,人体结构与功能,data/kp/biology/bio-m-urinary-nervous.json,3,3,940,True,,5115,True,3,2,0,1,True,True,0,,
chem-h-aluminum-compounds,铝及其化合物,chemistry,化学,high,10,cn,元素化合物,data/kp/chemistry/chem-h-aluminum-compounds.json,2,2,1025,True,,5312,True,3,2,0,1,True,True,0,,
chem-h-atom-structure-h,原子结构,chemistry,化学,high,10,cn,原子结构与周期律,data/kp/chemistry/chem-h-atom-structure-h.json,3,3,1079,True,第3单元 物质构成的奥秘,5777,True,3,2,0,1,True,True,0,,
chem-h-biomolecules,生物大分子（糖/蛋白质/核酸）,chemistry,化学,high,11,cn,有机化学基础,data/kp/chemistry/chem-h-biomolecules.json,2,2,1304,True,,5011,True,3,2,0,1,True,True,0,,
chem-h-chemical-bond,化学键,chemistry,化学,high,10,cn,原子结构与周期律,data/kp/chemistry/chem-h-chemical-bond.json,2,2,974,True,必修二 第5章,5204,True,3,2,0,1,True,True,0,,
chem-h-chemical-equilibrium,化学平衡,chemistry,化学,high,11,cn,化学反应速率与平衡,data/kp/chemistry/chem-h-chemical-equilibrium.json,3,3,1070,True,,5267,True,3,2,0,1,True,True,0,,
chem-h-chlorine-compounds,氯及其化合物,chemistry,化学,high,10,cn,元素化合物,data/kp/chemistry/chem-h-chlorine-compounds.json,2,2,1056,True,,5312,True,3,2,0,1,True,True,0,,
chem-h-corrosion-protection,防腐原理与应用,chemistry,化学,high,11,cn,电化学,data/kp/chemistry/chem-h-corrosion-protection.json,3,3,1052,True,,5312,True,3,2,0,1,True,True,0,,
chem-h-dispersion-system,分散系（溶液/胶体）,chemistry,化学,high,10,cn,物质的分类与化学用语,data/kp/chemistry/chem-h-dispersion-system.json,2,2,894,True,,5707,True,3,2,0,1,True,True,0,,
chem-h-electrochemistry,电化学基础,chemistry,化学,high,11,cn,电化学,data/kp/chemistry/chem-h-electrochemistry.json,3,3,1055,True,,5735,True,3,2,0,1,True,True,0,,
chem-h-electrolysis,电解池,chemistry,化学,high,11,cn,电化学,data/kp/chemistry/chem-h-electrolysis.json,2,2,998,True,,5312,True,3,2,0,1,True,True,0,,
chem-h-electrolyte-concept,电解质与非电解质,chemistry,化学,high,10,cn,离子反应与电解质,data/kp/chemistry/chem-h-electrolyte-concept.json,3,3,998,True,,5605,True,3,2,0,1,True,True,0,,
chem-h-enthalpy-change,焓变与反应热,chemistry,化学,high,11,cn,化学反应与能量,data/kp/chemistry/chem-h-enthalpy-change.json,2,2,1043,True,,5694,True,3,2,0,1,True,True,0,,
chem-h-equilibrium-constant,平衡常数,chemistry,化学,high,11,cn,化学反应速率与平衡,data/kp/chemistry/chem-h-equilibrium-constant.json,2,2,1040,True,,5312,True,3,2,0,1,True,True,0,,
chem-h-functional-groups,官能团（醇/酚/醛/酸/酯）,chemistry,化学,high,11,cn,有机化学基础,data/kp/chemistry/chem-h-functional-groups.json,2,2,1171,True,,5753,True,3,2,0,1,True,True,0,,
chem-h-galvanic-cell,原电池,chemistry,化学,high,11,cn,电化学,data/kp/chemistry/chem-h-galvanic-cell.json,3,3,1125,True,,5312,True,3,2,0,1,True,True,0,,
chem-h-gas-molar-volume,气体摩尔体积,chemistry,化学,high,10,cn,物质的分类与化学用语,data/kp/chemistry/chem-h-gas-molar-volume.json,2,2,996,True,,5398,True,3,2,0,1,True,True,0,,
chem-h-hess-law,盖斯定律,chemistry,化学,high,11,cn,化学反应与能量,data/kp/chemistry/chem-h-hess-law.json,2,2,1035,True,,5312,True,3,2,0,1,True,True,0,,
chem-h-hydrocarbon,烃（烷/烯/炔/芳）,chemistry,化学,high,11,cn,有机化学基础,data/kp/chemistry/chem-h-hydrocarbon.json,2,2,1145,True,,5719,True,3,2,0,1,True,True,0,,
chem-h-hydrocarbons,烃类综合,chemistry,化学,high,11,cn,有机化学基础,data/kp/chemistry/chem-h-hydrocarbons.json,2,2,1446,True,,5719,True,3,2,0,1,True,True,0,,
chem-h-ion-identification,离子检验与共存,chemistry,化学,high,10,cn,离子反应与电解质,data/kp/chemistry/chem-h-ion-identification.json,3,3,972,True,,5312,True,3,2,0,1,True,True,0,,
chem-h-ionic-equation,离子方程式,chemistry,化学,high,10,cn,离子反应与电解质,data/kp/chemistry/chem-h-ionic-equation.json,2,2,923,True,,5707,True,3,2,0,1,True,True,0,,
chem-h-ionic-reactions-electrolyte,电解质与离子反应综合,chemistry,化学,high,10,cn,离子反应与电解质,data/kp/chemistry/chem-h-ionic-reactions-electrolyte.json,3,3,1014,True,,5605,True,3,2,0,1,True,True,0,,
chem-h-iron-compounds,铁及其化合物,chemistry,化学,high,10,cn,元素化合物,data/kp/chemistry/chem-h-iron-compounds.json,2,2,1025,True,,5312,True,3,2,0,1,True,True,0,,
chem-h-le-chatelier,勒夏特列原理,chemistry,化学,high,11,cn,化学反应速率与平衡,data/kp/chemistry/chem-h-le-chatelier.json,3,3,1096,True,,5312,True,3,2,0,1,True,True,0,,
chem-h-metal-corrosion-h,金属的腐蚀与防护（高中）,chemistry,化学,high,11,cn,电化学,data/kp/chemistry/chem-h-metal-corrosion-h.json,3,3,1092,True,,5703,True,3,2,0,1,True,True,0,,
chem-h-mole-concept,物质的量（摩尔）,chemistry,化学,high,10,cn,物质的分类与化学用语,data/kp/chemistry/chem-h-mole-concept.json,3,3,1036,True,,5697,True,3,2,0,1,True,True,0,,
chem-h-molecular-structure,分子结构与性质,chemistry,化学,high,11,cn,原子结构与周期律,data/kp/chemistry/chem-h-molecular-structure.json,3,3,1108,True,,5312,True,3,2,0,1,True,True,0,,
chem-h-organic-derivatives,烃的衍生物,chemistry,化学,high,11,cn,有机化学基础,data/kp/chemistry/chem-h-organic-derivatives.json,2,2,1019,True,,5719,True,3,2,0,1,True,True,0,,
chem-h-organic-intro,有机化合物入门,chemistry,化学,high,11,cn,有机化学基础,data/kp/chemistry/chem-h-organic-intro.json,2,2,1048,True,,5312,True,3,2,0,1,True,True,0,,
chem-h-organic-reactions,有机反应类型,chemistry,化学,high,11,cn,有机化学基础,data/kp/chemistry/chem-h-organic-reactions.json,2,2,1168,True,选择性必修三 第3章,5312,True,3,2,0,1,True,True,0,,
chem-h-organic-synthesis,有机合成路线设计,chemistry,化学,high,11,cn,有机化学基础,data/kp/chemistry/chem-h-organic-synthesis.json,2,2,1056,True,,5312,True,3,2,0,1,True,True,0,,
chem-h-oxidation-reduction,氧化还原反应概念,chemistry,化学,high,10,cn,氧化还原反应,data/kp/chemistry/chem-h-oxidation-reduction.json,2,2,1029,True,,5791,True,3,2,0,1,True,True,0,,
chem-h-periodic-law,元素周期律,chemistry,化学,high,10,cn,原子结构与周期律,data/kp/chemistry/chem-h-periodic-law.json,3,3,1074,True,,5312,True,3,2,0,1,True,True,0,,
chem-h-periodic-table-h,元素周期表,chemistry,化学,high,10,cn,原子结构与周期律,data/kp/chemistry/chem-h-periodic-table-h.json,2,2,1014,True,第3单元 物质构成的奥秘,5788,True,3,2,0,1,True,True,0,,
chem-h-polymers,高分子合成与应用,chemistry,化学,high,11,cn,有机化学基础,data/kp/chemistry/chem-h-polymers.json,2,2,1046,True,,5312,True,3,2,0,1,True,True,0,,
chem-h-reaction-rate,化学反应速率,chemistry,化学,high,11,cn,化学反应速率与平衡,data/kp/chemistry/chem-h-reaction-rate.json,2,2,1077,True,,5809,True,3,2,0,1,True,True,0,,
chem-h-reaction-rate-equilibrium,速率与平衡综合,chemistry,化学,high,11,cn,化学反应速率与平衡,data/kp/chemistry/chem-h-reaction-rate-equilibrium.json,3,3,1102,True,,5718,True,3,2,0,1,True,True,0,,
chem-h-redox-equation,氧化还原方程式配平,chemistry,化学,high,10,cn,氧化还原反应,data/kp/chemistry/chem-h-redox-equation.json,2,2,1037,True,,5707,True,3,2,0,1,True,True,0,,
chem-h-silicon-compounds,硅及其化合物,chemistry,化学,high,10,cn,元素化合物,data/kp/chemistry/chem-h-silicon-compounds.json,3,3,1129,True,,5312,True,3,2,0,1,True,True,0,,
chem-h-sodium-compounds,钠及其化合物,chemistry,化学,high,10,cn,元素化合物,data/kp/chemistry/chem-h-sodium-compounds.json,2,2,1033,True,,5312,True,3,2,0,1,True,True,0,,
chem-h-solution-concentration-h,物质的量浓度,chemistry,化学,high,10,cn,物质的分类与化学用语,data/kp/chemistry/chem-h-solution-concentration-h.json,3,3,1021,True,,5738,True,3,2,0,1,True,True,0,,
chem-h-substance-classification-h,物质的分类,chemistry,化学,high,10,cn,物质的分类与化学用语,data/kp/chemistry/chem-h-substance-classification-h.json,2,2,949,True,第2单元 我们周围的空气,5312,True,3,2,0,1,True,True,0,,
chem-h-sulfur-nitrogen,硫和氮及其化合物,chemistry,化学,high,10,cn,元素化合物,data/kp/chemistry/chem-h-sulfur-nitrogen.json,3,3,1102,True,,5312,True,3,2,0,1,True,True,0,,
chem-h-thermochemistry,热化学（焓变）,chemistry,化学,high,11,cn,化学反应与能量,data/kp/chemistry/chem-h-thermochemistry.json,3,3,1089,True,,5732,True,3,2,0,1,True,True,0,,
chem-m-acid-base-concept,酸和碱,chemistry,化学,middle,9,cn,物质的性质与应用,data/kp/chemistry/chem-m-acid-base-concept.json,3,3,896,True,,5305,True,3,2,0,1,True,True,0,,
chem-m-acid-base-salt,酸碱盐综合,chemistry,化学,middle,9,cn,物质的性质与应用,data/kp/chemistry/chem-m-acid-base-salt.json,4,4,1079,True,,5745,True,3,2,0,1,True,True,0,,
chem-m-activity-series,金属活动性顺序,chemistry,化学,middle,9,cn,物质的性质与应用,data/kp/chemistry/chem-m-activity-series.json,3,3,1040,True,,5696,True,3,2,0,1,True,True,0,,
chem-m-air-composition,空气的组成,chemistry,化学,middle,9,cn,物质的性质与应用,data/kp/chemistry/chem-m-air-composition.json,3,3,1011,True,,5305,True,3,2,0,1,True,True,0,,
chem-m-atom-molecule,分子与原子,chemistry,化学,middle,9,cn,物质的组成与结构,data/kp/chemistry/chem-m-atom-molecule.json,3,3,945,True,,5690,True,3,2,0,1,True,True,0,,
chem-m-atom-structure,原子的结构,chemistry,化学,middle,9,cn,物质的组成与结构,data/kp/chemistry/chem-m-atom-structure.json,3,3,945,True,,5730,True,3,2,0,1,True,True,0,,
chem-m-atomic-structure,原子核外电子排布,chemistry,化学,middle,9,cn,物质的组成与结构,data/kp/chemistry/chem-m-atomic-structure.json,3,3,998,True,,5762,True,3,2,0,1,True,True,0,,
chem-m-carbon-allotropes,碳的单质（金刚石/石墨/C60）,chemistry,化学,middle,9,cn,物质的性质与应用,data/kp/chemistry/chem-m-carbon-allotropes.json,3,3,1039,True,,5305,True,3,2,0,1,True,True,0,,
chem-m-catalyst-concept,催化剂与催化作用,chemistry,化学,middle,9,cn,物质的化学变化,data/kp/chemistry/chem-m-catalyst-concept.json,2,2,922,True,,4849,True,3,2,0,1,True,True,0,,
chem-m-chemical-equation,化学方程式,chemistry,化学,middle,9,cn,物质的化学变化,data/kp/chemistry/chem-m-chemical-equation.json,3,3,989,True,第5单元 化学方程式,5802,True,3,2,0,1,True,True,0,,
chem-m-chemical-formula,化学式与化合价,chemistry,化学,middle,9,cn,物质的组成与结构,data/kp/chemistry/chem-m-chemical-formula.json,3,3,1025,True,第4单元 自然界的水,5775,True,3,2,0,1,True,True,0,,
chem-m-chemistry-intro,走进化学世界,chemistry,化学,middle,9,cn,科学探究与化学实验,data/kp/chemistry/chem-m-chemistry-intro.json,3,3,1193,True,,5706,True,3,2,0,1,True,True,0,,
chem-m-chemistry-society-practice,化学与生产生活（跨学科实践）,chemistry,化学,middle,9,cn,化学与社会·跨学科实践,data/kp/chemistry/chem-m-chemistry-society-practice.json,3,3,1312,True,,5305,True,3,2,0,1,True,True,0,,
chem-m-co-properties,一氧化碳的性质,chemistry,化学,middle,9,cn,物质的性质与应用,data/kp/chemistry/chem-m-co-properties.json,4,4,1070,True,,5703,True,3,2,0,1,True,True,0,,
chem-m-co2-properties,二氧化碳的性质与制取,chemistry,化学,middle,9,cn,物质的性质与应用,data/kp/chemistry/chem-m-co2-properties.json,3,3,931,True,,5703,True,3,2,0,1,True,True,0,,
chem-m-element-concept,元素,chemistry,化学,middle,9,cn,物质的组成与结构,data/kp/chemistry/chem-m-element-concept.json,3,3,1013,True,,5305,True,3,2,0,1,True,True,0,,
chem-m-equation-calculation,根据化学方程式计算,chemistry,化学,middle,9,cn,物质的化学变化,data/kp/chemistry/chem-m-equation-calculation.json,2,2,927,True,,5736,True,3,2,0,1,True,True,0,,
chem-m-hydrogen-properties,氢气的性质,chemistry,化学,middle,9,cn,物质的性质与应用,data/kp/chemistry/chem-m-hydrogen-properties.json,3,3,931,True,,5703,True,3,2,0,1,True,True,0,,
chem-m-ion-concept,离子,chemistry,化学,middle,9,cn,物质的组成与结构,data/kp/chemistry/chem-m-ion-concept.json,3,3,921,True,,5305,True,3,2,0,1,True,True,0,,
chem-m-lab-safety,实验基本操作与安全,chemistry,化学,middle,9,cn,科学探究与化学实验,data/kp/chemistry/chem-m-lab-safety.json,3,3,1028,True,,5305,True,3,2,0,1,True,True,0,,
chem-m-mass-conservation,质量守恒定律,chemistry,化学,middle,9,cn,物质的化学变化,data/kp/chemistry/chem-m-mass-conservation.json,3,3,1062,True,,5208,True,3,2,0,1,True,True,0,,
chem-m-matter-classification,物质的分类,chemistry,化学,middle,9,cn,物质的组成与结构,data/kp/chemistry/chem-m-matter-classification.json,3,3,934,True,第2单元 我们周围的空气,5305,True,3,2,0,1,True,True,0,,
chem-m-metal-corrosion,金属的锈蚀与防护,chemistry,化学,middle,9,cn,物质的性质与应用,data/kp/chemistry/chem-m-metal-corrosion.json,2,2,861,True,,5696,True,3,2,0,1,True,True,0,,
chem-m-metal-properties,金属的物理与化学性质,chemistry,化学,middle,9,cn,物质的性质与应用,data/kp/chemistry/chem-m-metal-properties.json,2,2,923,True,,5696,True,3,2,0,1,True,True,0,,
chem-m-metal-smelting,金属冶炼,chemistry,化学,middle,9,cn,物质的性质与应用,data/kp/chemistry/chem-m-metal-smelting.json,2,2,1002,True,,5696,True,3,2,0,1,True,True,0,,
chem-m-metals-activity,金属的活动性,chemistry,化学,middle,9,cn,物质的性质与应用,data/kp/chemistry/chem-m-metals-activity.json,2,2,892,True,,5696,True,3,2,0,1,True,True,0,,
chem-m-neutralization,中和反应,chemistry,化学,middle,9,cn,物质的性质与应用,data/kp/chemistry/chem-m-neutralization.json,2,2,919,True,,5305,True,3,2,0,1,True,True,0,,
chem-m-oxygen-preparation,氧气的制取,chemistry,化学,middle,9,cn,物质的性质与应用,data/kp/chemistry/chem-m-oxygen-preparation.json,3,3,923,True,,5305,True,3,2,0,1,True,True,0,,
chem-m-oxygen-properties,氧气的性质,chemistry,化学,middle,9,cn,物质的性质与应用,data/kp/chemistry/chem-m-oxygen-properties.json,2,2,825,True,,5703,True,3,2,0,1,True,True,0,,
chem-m-periodic-table,元素周期表,chemistry,化学,middle,9,cn,物质的组成与结构,data/kp/chemistry/chem-m-periodic-table.json,2,2,998,True,第3单元 物质构成的奥秘,5781,True,3,2,0,1,True,True,0,,
chem-m-ph-indicators,酸碱指示剂与 pH,chemistry,化学,middle,9,cn,物质的性质与应用,data/kp/chemistry/chem-m-ph-indicators.json,2,2,935,True,,5799,True,3,2,0,1,True,True,0,,
chem-m-reaction-types,化学反应基本类型,chemistry,化学,middle,9,cn,物质的化学变化,data/kp/chemistry/chem-m-reaction-types.json,3,3,937,True,,5802,True,3,2,0,1,True,True,0,,
chem-m-salt-reactions,盐的性质,chemistry,化学,middle,9,cn,物质的性质与应用,data/kp/chemistry/chem-m-salt-reactions.json,3,3,1098,True,,5723,True,3,2,0,1,True,True,0,,
chem-m-scientific-inquiry-experiment,科学探究方法,chemistry,化学,middle,9,cn,科学探究与化学实验,data/kp/chemistry/chem-m-scientific-inquiry-experiment.json,3,3,1127,True,,5305,True,3,2,0,1,True,True,0,,
chem-m-solubility,溶解度,chemistry,化学,middle,9,cn,物质的性质与应用,data/kp/chemistry/chem-m-solubility.json,2,2,867,True,第9单元 溶液,5703,True,3,2,0,1,True,True,0,,
chem-m-solution-concentration,溶液浓度（质量分数）,chemistry,化学,middle,9,cn,物质的性质与应用,data/kp/chemistry/chem-m-solution-concentration.json,3,3,939,True,,5700,True,3,2,0,1,True,True,0,,
chem-m-solution-concept,溶液的形成,chemistry,化学,middle,9,cn,物质的性质与应用,data/kp/chemistry/chem-m-solution-concept.json,2,2,883,True,第9单元 溶液,5700,True,3,2,0,1,True,True,0,,
chem-m-substance-classification,纯净物、混合物、化合物,chemistry,化学,middle,9,cn,物质的组成与结构,data/kp/chemistry/chem-m-substance-classification.json,3,3,1145,True,,5305,True,3,2,0,1,True,True,0,,
chem-m-water-properties,水的组成与净化,chemistry,化学,middle,9,cn,物质的性质与应用,data/kp/chemistry/chem-m-water-properties.json,3,3,883,True,,5305,True,3,2,0,1,True,True,0,,
chn-e-application-writing,应用文（书信/通知/倡议书）,chinese,语文,elementary,5,cn,写作表达,data/kp/chinese/chn-e-application-writing.json,2,2,1086,True,,705,True,3,2,0,1,True,True,0,,
chn-e-argumentative-intro,读后感与简单议论,chinese,语文,elementary,6,cn,写作表达,data/kp/chinese/chn-e-argumentative-intro.json,2,2,1039,True,,706,True,3,2,0,1,True,True,0,,
chn-e-article-appreciation,文学鉴赏,chinese,语文,elementary,5,cn,阅读理解,data/kp/chinese/chn-e-article-appreciation.json,3,3,1068,True,阅读策略单元,763,True,3,2,0,1,True,True,0,,
chn-e-article-structure,文章结构分析,chinese,语文,elementary,4,cn,阅读理解,data/kp/chinese/chn-e-article-structure.json,2,2,937,True,阅读策略单元,674,True,3,2,0,1,True,True,0,,
chn-e-calligraphy-practice,硬笔书法与书写规范,chinese,语文,elementary,3,cn,识字与写字,data/kp/chinese/chn-e-calligraphy-practice.json,2,2,978,True,,681,True,3,2,0,1,True,True,0,,
chn-e-char-recognition-1,一年级常用字认读（300字）,chinese,语文,elementary,1,cn,识字与写字,data/kp/chinese/chn-e-char-recognition-1.json,3,3,955,True,,665,True,3,2,0,1,True,True,0,,
chn-e-char-recognition-2,二年级常用字认读（600字）,chinese,语文,elementary,2,cn,识字与写字,data/kp/chinese/chn-e-char-recognition-2.json,3,3,962,True,,672,True,3,2,0,1,True,True,0,,
chn-e-char-structure,汉字结构（独体/合体/左右/上下）,chinese,语文,elementary,2,cn,识字与写字,data/kp/chinese/chn-e-char-structure.json,2,2,1066,True,,675,True,3,2,0,1,True,True,0,,
chn-e-char-writing-1,基本笔画与笔顺,chinese,语文,elementary,1,cn,识字与写字,data/kp/chinese/chn-e-char-writing-1.json,2,2,981,True,,670,True,3,2,0,1,True,True,0,,
chn-e-character-analysis,人物描写与性格分析,chinese,语文,elementary,4,cn,阅读理解,data/kp/chinese/chn-e-character-analysis.json,2,2,974,True,,687,True,3,2,0,1,True,True,0,,
chn-e-classical-chinese-intro,小古文入门（之/乎/者/也）,chinese,语文,elementary,5,cn,古诗文,data/kp/chinese/chn-e-classical-chinese-intro.json,2,2,963,True,,658,True,3,2,0,1,True,True,0,,
chn-e-classical-reading,文言文阅读理解,chinese,语文,elementary,6,cn,古诗文,data/kp/chinese/chn-e-classical-reading.json,2,2,967,True,,655,True,3,2,0,1,True,True,0,,
chn-e-complex-sentences,关联词与复句（因果/转折/递进/条件）,chinese,语文,elementary,4,cn,句子与标点,data/kp/chinese/chn-e-complex-sentences.json,2,2,1007,True,,657,True,3,2,0,1,True,True,0,,
chn-e-compound-vowel,复韵母,chinese,语文,elementary,1,cn,拼音,data/kp/chinese/chn-e-compound-vowel.json,2,2,934,True,汉语拼音 第9-11课,667,True,3,2,0,1,True,True,0,,
chn-e-context-word-meaning,联系上下文理解词义,chinese,语文,elementary,4,cn,词语积累,data/kp/chinese/chn-e-context-word-meaning.json,2,2,912,True,,643,True,3,2,0,1,True,True,0,,
chn-e-conversation-etiquette,礼貌用语与日常对话,chinese,语文,elementary,2,cn,口语交际,data/kp/chinese/chn-e-conversation-etiquette.json,3,3,967,True,,709,True,3,2,0,1,True,True,0,,
chn-e-debate-discussion,讨论、辩论与即兴演讲,chinese,语文,elementary,5,cn,口语交际,data/kp/chinese/chn-e-debate-discussion.json,2,2,1000,True,,687,True,3,2,0,1,True,True,0,,
chn-e-deep-reading,体会含义深刻的句子,chinese,语文,elementary,5,cn,阅读理解,data/kp/chinese/chn-e-deep-reading.json,2,2,976,True,,671,True,3,2,0,1,True,True,0,,
chn-e-descriptive-writing,描写技巧,chinese,语文,elementary,4,cn,写作表达,data/kp/chinese/chn-e-descriptive-writing.json,2,2,973,True,习作单元,675,True,3,2,0,1,True,True,0,,
chn-e-detail-description,细节描写与五感法,chinese,语文,elementary,4,cn,写作表达,data/kp/chinese/chn-e-detail-description.json,3,3,1068,True,,737,True,3,2,0,1,True,True,0,,
chn-e-diary-writing,日记与留言条,chinese,语文,elementary,2,cn,写作表达,data/kp/chinese/chn-e-diary-writing.json,2,2,1005,True,,691,True,3,2,0,1,True,True,0,,
chn-e-dictionary-skills,查字典,chinese,语文,elementary,2,cn,识字与写字,data/kp/chinese/chn-e-dictionary-skills.json,2,2,911,True,语文园地,674,True,3,2,0,1,True,True,0,,
chn-e-essay-structure,作文审题、立意与提纲,chinese,语文,elementary,5,cn,写作表达,data/kp/chinese/chn-e-essay-structure.json,3,3,1112,True,,750,True,3,2,0,1,True,True,0,,
chn-e-figurative-language,比喻、拟人、夸张等修辞,chinese,语文,elementary,4,cn,词语积累,data/kp/chinese/chn-e-figurative-language.json,4,4,1044,True,,745,True,3,2,0,1,True,True,0,,
chn-e-homophone-polysemy,同音字、多音字与形近字,chinese,语文,elementary,3,cn,识字与写字,data/kp/chinese/chn-e-homophone-polysemy.json,2,2,1017,True,,680,True,3,2,0,1,True,True,0,,
chn-e-idiom-proverb,成语、谚语与歇后语,chinese,语文,elementary,3,cn,词语积累,data/kp/chinese/chn-e-idiom-proverb.json,2,2,933,True,,655,True,3,2,0,1,True,True,0,,
chn-e-initials,声母,chinese,语文,elementary,1,cn,拼音,data/kp/chinese/chn-e-initials.json,2,2,937,True,,678,True,3,2,0,1,True,True,0,,
chn-e-listen-speak-basic,听故事与复述,chinese,语文,elementary,1,cn,口语交际,data/kp/chinese/chn-e-listen-speak-basic.json,2,2,859,True,,635,True,3,2,0,1,True,True,0,,
chn-e-main-idea-summary,概括段落大意与文章主旨,chinese,语文,elementary,4,cn,阅读理解,data/kp/chinese/chn-e-main-idea-summary.json,2,2,925,True,,661,True,3,2,0,1,True,True,0,,
chn-e-narrative-writing,记叙文（写人/记事/写景/状物）,chinese,语文,elementary,3,cn,写作表达,data/kp/chinese/chn-e-narrative-writing.json,3,3,1141,True,,746,True,3,2,0,1,True,True,0,,
chn-e-nasal-vowel-back,后鼻韵母,chinese,语文,elementary,1,cn,拼音,data/kp/chinese/chn-e-nasal-vowel-back.json,2,2,953,True,汉语拼音 第12-13课,678,True,3,2,0,1,True,True,0,,
chn-e-nasal-vowel-front,前鼻韵母,chinese,语文,elementary,1,cn,拼音,data/kp/chinese/chn-e-nasal-vowel-front.json,2,2,942,True,汉语拼音 第12-13课,667,True,3,2,0,1,True,True,0,,
chn-e-nasal-vowels,鼻韵母,chinese,语文,elementary,1,cn,拼音,data/kp/chinese/chn-e-nasal-vowels.json,2,2,934,True,,667,True,3,2,0,1,True,True,0,,
chn-e-non-fiction-reading,说明文与非连续性文本阅读,chinese,语文,elementary,6,cn,阅读理解,data/kp/chinese/chn-e-non-fiction-reading.json,2,2,921,True,,646,True,3,2,0,1,True,True,0,,
chn-e-nursery-rhyme,儿歌、童谣与浅易古诗,chinese,语文,elementary,1,cn,古诗文,data/kp/chinese/chn-e-nursery-rhyme.json,2,2,934,True,,640,True,3,2,0,1,True,True,0,,
chn-e-oral-presentation,口头表达与讲述,chinese,语文,elementary,3,cn,口语交际,data/kp/chinese/chn-e-oral-presentation.json,3,3,968,True,,711,True,3,2,0,1,True,True,0,,
chn-e-paragraph-analysis,段落分析,chinese,语文,elementary,3,cn,阅读理解,data/kp/chinese/chn-e-paragraph-analysis.json,2,2,921,True,阅读策略单元,674,True,3,2,0,1,True,True,0,,
chn-e-paragraph-structure,自然段与意义段划分,chinese,语文,elementary,3,cn,阅读理解,data/kp/chinese/chn-e-paragraph-structure.json,2,2,961,True,,674,True,3,2,0,1,True,True,0,,
chn-e-paragraph-writing,段落写作,chinese,语文,elementary,3,cn,写作表达,data/kp/chinese/chn-e-paragraph-writing.json,3,3,1032,True,习作单元,733,True,3,2,0,1,True,True,0,,
chn-e-parts-of-speech,词性与词类,chinese,语文,elementary,4-6,cn,句子与标点,data/kp/chinese/chn-e-parts-of-speech.json,2,2,897,True,语文基础知识,663,True,3,2,0,1,True,True,0,,
chn-e-pathological-sentence,修改病句,chinese,语文,elementary,5,cn,句子与标点,data/kp/chinese/chn-e-pathological-sentence.json,2,2,896,True,,645,True,3,2,0,1,True,True,0,,
chn-e-picture-writing,看图写话,chinese,语文,elementary,1,cn,写作表达,data/kp/chinese/chn-e-picture-writing.json,2,2,981,True,,698,True,3,2,0,1,True,True,0,,
chn-e-pinyin-reading,拼音阅读（借助拼音识字）,chinese,语文,elementary,1,cn,拼音,data/kp/chinese/chn-e-pinyin-reading.json,2,2,952,True,,667,True,3,2,0,1,True,True,0,,
chn-e-poetry-appreciation,古诗词赏析（意境/情感/手法）,chinese,语文,elementary,4,cn,古诗文,data/kp/chinese/chn-e-poetry-appreciation.json,2,2,962,True,,646,True,3,2,0,1,True,True,0,,
chn-e-poetry-imagery,古诗词意象与意境,chinese,语文,elementary,4,cn,古诗文,data/kp/chinese/chn-e-poetry-imagery.json,2,2,911,True,古诗词单元,651,True,3,2,0,1,True,True,0,,
chn-e-poetry-recitation,古诗词背诵与默写,chinese,语文,elementary,3,cn,古诗文,data/kp/chinese/chn-e-poetry-recitation.json,2,2,894,True,日积月累,634,True,3,2,0,1,True,True,0,,
chn-e-poetry-rhythm,古诗词韵律,chinese,语文,elementary,3,cn,古诗文,data/kp/chinese/chn-e-poetry-rhythm.json,2,2,870,True,古诗词单元,634,True,3,2,0,1,True,True,0,,
chn-e-punctuation-advanced,引号、冒号、省略号、破折号,chinese,语文,elementary,4,cn,句子与标点,data/kp/chinese/chn-e-punctuation-advanced.json,2,2,962,True,,648,True,3,2,0,1,True,True,0,,
chn-e-punctuation-basic,基本标点符号（句号/问号/感叹号）,chinese,语文,elementary,1,cn,句子与标点,data/kp/chinese/chn-e-punctuation-basic.json,2,2,1008,True,,653,True,3,2,0,1,True,True,0,,
chn-e-radical-knowledge,偏旁部首与查字典,chinese,语文,elementary,2,cn,识字与写字,data/kp/chinese/chn-e-radical-knowledge.json,2,2,996,True,,677,True,3,2,0,1,True,True,0,,
chn-e-radical-recognition,偏旁部首,chinese,语文,elementary,1,cn,识字与写字,data/kp/chinese/chn-e-radical-recognition.json,2,2,962,True,识字单元,675,True,3,2,0,1,True,True,0,,
chn-e-reading-comprehension-exam,阅读理解答题方法,chinese,语文,elementary,6,cn,阅读理解,data/kp/chinese/chn-e-reading-comprehension-exam.json,3,3,1115,True,复习专题,766,True,3,2,0,1,True,True,0,,
chn-e-rhetoric-in-writing,运用修辞手法写作,chinese,语文,elementary,4,cn,写作表达,data/kp/chinese/chn-e-rhetoric-in-writing.json,2,2,1005,True,,675,True,3,2,0,1,True,True,0,,
chn-e-rhetorical-devices,修辞手法,chinese,语文,elementary,3,cn,阅读理解,data/kp/chinese/chn-e-rhetorical-devices.json,2,2,888,True,语文园地,659,True,3,2,0,1,True,True,0,,
chn-e-sentence-comprehension,句子理解,chinese,语文,elementary,2,cn,阅读理解,data/kp/chinese/chn-e-sentence-comprehension.json,2,2,881,True,阅读训练,658,True,3,2,0,1,True,True,0,,
chn-e-sentence-expansion,扩句与缩句,chinese,语文,elementary,3,cn,句子与标点,data/kp/chinese/chn-e-sentence-expansion.json,2,2,972,True,,648,True,3,2,0,1,True,True,0,,
chn-e-sentence-transformation,改写句子（把字句/被字句/转述句）,chinese,语文,elementary,3,cn,句子与标点,data/kp/chinese/chn-e-sentence-transformation.json,2,2,1022,True,,679,True,3,2,0,1,True,True,0,,
chn-e-sentence-transformations-zh,常见句式与句式变换,chinese,语文,elementary,4-9,cn,句子与标点,data/kp/chinese/chn-e-sentence-transformations-zh.json,3,3,994,True,语文基础专题,709,True,3,2,0,1,True,True,0,,
chn-e-sentence-types,陈述句、疑问句、感叹句、祈使句,chinese,语文,elementary,2,cn,句子与标点,data/kp/chinese/chn-e-sentence-types.json,2,2,992,True,,653,True,3,2,0,1,True,True,0,,
chn-e-sentence-writing,写话与造句,chinese,语文,elementary,1,cn,写作表达,data/kp/chinese/chn-e-sentence-writing.json,2,2,955,True,写话训练,664,True,3,2,0,1,True,True,0,,
chn-e-simple-vowels,单韵母,chinese,语文,elementary,1,cn,拼音,data/kp/chinese/chn-e-simple-vowels.json,2,2,934,True,汉语拼音 第1-4课,667,True,3,2,0,1,True,True,0,,
chn-e-stroke-order,笔画与笔顺,chinese,语文,elementary,1,cn,识字与写字,data/kp/chinese/chn-e-stroke-order.json,2,2,965,True,识字单元,670,True,3,2,0,1,True,True,0,,
chn-e-summarization,概括与归纳,chinese,语文,elementary,4,cn,阅读理解,data/kp/chinese/chn-e-summarization.json,2,2,861,True,阅读策略单元,645,True,3,2,0,1,True,True,0,,
chn-e-syllable-spelling,音节拼读与拼写,chinese,语文,elementary,1,cn,拼音,data/kp/chinese/chn-e-syllable-spelling.json,2,2,977,True,,678,True,3,2,0,1,True,True,0,,
chn-e-synonym-antonym,近义词与反义词,chinese,语文,elementary,3,cn,词语积累,data/kp/chinese/chn-e-synonym-antonym.json,3,3,1042,True,,722,True,3,2,0,1,True,True,0,,
chn-e-tang-poetry,唐诗宋词名篇背诵,chinese,语文,elementary,3,cn,古诗文,data/kp/chinese/chn-e-tang-poetry.json,2,2,894,True,,634,True,3,2,0,1,True,True,0,,
chn-e-text-structure,文章结构（总分总/并列/递进）,chinese,语文,elementary,4,cn,阅读理解,data/kp/chinese/chn-e-text-structure.json,2,2,987,True,,652,True,3,2,0,1,True,True,0,,
chn-e-tone-marks,声调与标调规则,chinese,语文,elementary,1,cn,拼音,data/kp/chinese/chn-e-tone-marks.json,2,2,977,True,,678,True,3,2,0,1,True,True,0,,
chn-e-vocabulary-expansion,词语积累与运用,chinese,语文,elementary,2,cn,识字与写字,data/kp/chinese/chn-e-vocabulary-expansion.json,3,3,935,True,语文园地,686,True,3,2,0,1,True,True,0,,
chn-e-whole-book-reading,整本书阅读,chinese,语文,elementary,3-9,cn,阅读理解,data/kp/chinese/chn-e-whole-book-reading.json,3,3,1057,True,2022课标拓展型学习任务群,760,True,3,2,0,1,True,True,0,,
chn-e-word-formation,词语构成（合成词、叠词、ABB/AABB）,chinese,语文,elementary,2,cn,词语积累,data/kp/chinese/chn-e-word-formation.json,3,3,1036,True,,676,True,3,2,0,1,True,True,0,,
chn-e-writing-methods,表达方法（叙述/描写/说明/议论/抒情）,chinese,语文,elementary,5,cn,阅读理解,data/kp/chinese/chn-e-writing-methods.json,2,2,1028,True,,653,True,3,2,0,1,True,True,0,,
chn-h-advanced-composition,高级写作技巧,chinese,语文,high,11,cn,写作,data/kp/chinese/chn-h-advanced-composition.json,3,3,1166,True,,841,True,3,2,0,1,True,True,0,,
chn-h-argumentative-essay,议论文写作,chinese,语文,high,10,cn,写作,data/kp/chinese/chn-h-argumentative-essay.json,3,3,965,True,写作专题,792,True,3,2,0,1,True,True,0,,
chn-h-classical-comprehensive,文言文综合鉴赏,chinese,语文,high,12,cn,古诗文阅读,data/kp/chinese/chn-h-classical-comprehensive.json,3,3,1285,True,,898,True,3,2,0,1,True,True,0,,
chn-h-classical-function-words,文言虚词,chinese,语文,high,10,cn,古诗文阅读,data/kp/chinese/chn-h-classical-function-words.json,3,3,1009,True,,760,True,3,2,0,1,True,True,0,,
chn-h-classical-grammar-h,文言句式与语法,chinese,语文,high,10,cn,古诗文阅读,data/kp/chinese/chn-h-classical-grammar-h.json,3,3,1117,True,,784,True,3,2,0,1,True,True,0,,
chn-h-classical-prose-advanced,古文经典精读,chinese,语文,high,11,cn,古诗文阅读,data/kp/chinese/chn-h-classical-prose-advanced.json,3,3,1237,True,,858,True,3,2,0,1,True,True,0,,
chn-h-classical-translation-h,文言文翻译,chinese,语文,high,11,cn,古诗文阅读,data/kp/chinese/chn-h-classical-translation-h.json,3,3,1222,True,,851,True,3,2,0,1,True,True,0,,
chn-h-classical-vocab-h,文言实词,chinese,语文,high,10,cn,古诗文阅读,data/kp/chinese/chn-h-classical-vocab-h.json,3,3,1183,True,,826,True,3,2,0,1,True,True,0,,
chn-h-countryside-china,《乡土中国》（学术论著阅读）,chinese,语文,high,10,cn,整本书阅读,data/kp/chinese/chn-h-countryside-china.json,4,4,1232,True,,812,True,3,2,0,1,True,True,0,,
chn-h-essay-structure-h,作文审题立意与结构,chinese,语文,high,10,cn,写作,data/kp/chinese/chn-h-essay-structure-h.json,3,3,1053,True,,728,True,3,2,0,1,True,True,0,,
chn-h-foreign-classics,外国文学经典,chinese,语文,high,12,cn,整本书阅读,data/kp/chinese/chn-h-foreign-classics.json,3,3,1279,True,,900,True,3,2,0,1,True,True,0,,
chn-h-gaokao-essay,高考作文综合训练,chinese,语文,high,12,cn,写作,data/kp/chinese/chn-h-gaokao-essay.json,4,4,1252,True,,874,True,3,2,0,1,True,True,0,,
chn-h-idiom-usage-h,成语辨析与运用,chinese,语文,high,10,cn,语言文字运用,data/kp/chinese/chn-h-idiom-usage-h.json,3,3,1135,True,,798,True,3,2,0,1,True,True,0,,
chn-h-info-reading,实用类文本（论述类/信息类）,chinese,语文,high,10,cn,现代文阅读,data/kp/chinese/chn-h-info-reading.json,2,2,1190,True,,757,True,3,2,0,1,True,True,0,,
chn-h-language-expression-h,语言表达简明连贯得体,chinese,语文,high,11,cn,语言文字运用,data/kp/chinese/chn-h-language-expression-h.json,3,3,1055,True,,718,True,3,2,0,1,True,True,0,,
chn-h-literary-deep-analysis,文学类深度鉴赏,chinese,语文,high,11,cn,现代文阅读,data/kp/chinese/chn-h-literary-deep-analysis.json,3,3,1222,True,,859,True,3,2,0,1,True,True,0,,
chn-h-literary-reading-h,文学类文本阅读,chinese,语文,high,10,cn,现代文阅读,data/kp/chinese/chn-h-literary-reading-h.json,3,3,979,True,,790,True,3,2,0,1,True,True,0,,
chn-h-poetry-comparison-h,古诗词比较阅读,chinese,语文,high,12,cn,古诗文阅读,data/kp/chinese/chn-h-poetry-comparison-h.json,3,3,1042,True,,745,True,3,2,0,1,True,True,0,,
chn-h-poetry-emotion,古诗词情感主旨,chinese,语文,high,11,cn,古诗文阅读,data/kp/chinese/chn-h-poetry-emotion.json,2,2,997,True,,701,True,3,2,0,1,True,True,0,,
chn-h-poetry-expression-h,古诗词表现手法,chinese,语文,high,10,cn,古诗文阅读,data/kp/chinese/chn-h-poetry-expression-h.json,3,3,1054,True,,757,True,3,2,0,1,True,True,0,,
chn-h-poetry-imagery-h,古诗词意象与意境,chinese,语文,high,10,cn,古诗文阅读,data/kp/chinese/chn-h-poetry-imagery-h.json,3,3,1050,True,古诗词单元,745,True,3,2,0,1,True,True,0,,
chn-h-practical-reading,非连续性实用文本,chinese,语文,high,10,cn,现代文阅读,data/kp/chinese/chn-h-practical-reading.json,3,3,907,True,,689,True,3,2,0,1,True,True,0,,
chn-h-red-chamber,《红楼梦》（长篇小说阅读）,chinese,语文,high,11,cn,整本书阅读,data/kp/chinese/chn-h-red-chamber.json,4,4,1271,True,,853,True,3,2,0,1,True,True,0,,
chn-h-sentence-revision-h,病句修改与句式变换,chinese,语文,high,10,cn,语言文字运用,data/kp/chinese/chn-h-sentence-revision-h.json,2,2,980,True,,688,True,3,2,0,1,True,True,0,,
chn-h-task-driven-writing,任务驱动型作文,chinese,语文,high,11,cn,写作,data/kp/chinese/chn-h-task-driven-writing.json,3,3,1125,True,,822,True,3,2,0,1,True,True,0,,
chn-m-argumentative-reading,议论文阅读,chinese,语文,middle,8,cn,现代文阅读,data/kp/chinese/chn-m-argumentative-reading.json,3,3,1083,True,,3022,True,3,2,0,1,True,True,0,,
chn-m-argumentative-writing-m,议论文写作,chinese,语文,middle,8,cn,写作,data/kp/chinese/chn-m-argumentative-writing-m.json,3,3,1073,True,写作专题,2998,True,3,2,0,1,True,True,0,,
chn-m-classical-appreciation,文言文综合鉴赏,chinese,语文,middle,9,cn,古诗文阅读,data/kp/chinese/chn-m-classical-appreciation.json,3,3,1057,True,,3001,True,3,2,0,1,True,True,0,,
chn-m-classical-prose,经典文言文精读,chinese,语文,middle,8,cn,古诗文阅读,data/kp/chinese/chn-m-classical-prose.json,3,3,957,True,,2991,True,3,2,0,1,True,True,0,,
chn-m-classical-sentences,文言特殊句式,chinese,语文,middle,8,cn,古诗文阅读,data/kp/chinese/chn-m-classical-sentences.json,2,2,827,True,,2899,True,3,2,0,1,True,True,0,,
chn-m-classical-translation,文言文翻译,chinese,语文,middle,8,cn,古诗文阅读,data/kp/chinese/chn-m-classical-translation.json,2,2,815,True,,2899,True,3,2,0,1,True,True,0,,
chn-m-classical-words,文言实词与虚词,chinese,语文,middle,7,cn,古诗文阅读,data/kp/chinese/chn-m-classical-words.json,2,2,835,True,,2899,True,3,2,0,1,True,True,0,,
chn-m-comprehensive-language,综合性语言运用,chinese,语文,middle,9,cn,语言文字运用,data/kp/chinese/chn-m-comprehensive-language.json,3,3,962,True,,2899,True,3,2,0,1,True,True,0,,
chn-m-descriptive-writing,描写方法与细节,chinese,语文,middle,7,cn,写作,data/kp/chinese/chn-m-descriptive-writing.json,3,3,999,True,,2993,True,3,2,0,1,True,True,0,,
chn-m-dream-red-mansions,《红楼梦》选读,chinese,语文,middle,9,cn,整本书阅读与名著导读,data/kp/chinese/chn-m-dream-red-mansions.json,3,3,1117,True,,3043,True,3,2,0,1,True,True,0,,
chn-m-erta-essay-collection,散文杂文集,chinese,语文,middle,9,cn,整本书阅读与名著导读,data/kp/chinese/chn-m-erta-essay-collection.json,3,3,1139,True,,2995,True,3,2,0,1,True,True,0,,
chn-m-erta-foreign-novel,外国名著（《海底两万里》等）,chinese,语文,middle,8,cn,整本书阅读与名著导读,data/kp/chinese/chn-m-erta-foreign-novel.json,3,3,1034,True,,2979,True,3,2,0,1,True,True,0,,
chn-m-erta-stories,《朝花夕拾》,chinese,语文,middle,7,cn,整本书阅读与名著导读,data/kp/chinese/chn-m-erta-stories.json,3,3,1144,True,,3037,True,3,2,0,1,True,True,0,,
chn-m-erta-tales-heroes,《骆驼祥子》/《水浒传》,chinese,语文,middle,8,cn,整本书阅读与名著导读,data/kp/chinese/chn-m-erta-tales-heroes.json,3,3,1157,True,,3059,True,3,2,0,1,True,True,0,,
chn-m-essay-comprehensive,综合性作文,chinese,语文,middle,9,cn,写作,data/kp/chinese/chn-m-essay-comprehensive.json,3,3,896,True,,2925,True,3,2,0,1,True,True,0,,
chn-m-expository-reading,说明文阅读,chinese,语文,middle,7,cn,现代文阅读,data/kp/chinese/chn-m-expository-reading.json,3,3,954,True,,2899,True,3,2,0,1,True,True,0,,
chn-m-journey-west,《西游记》,chinese,语文,middle,7,cn,整本书阅读与名著导读,data/kp/chinese/chn-m-journey-west.json,3,3,1146,True,,3042,True,3,2,0,1,True,True,0,,
chn-m-literary-appreciation,文学类作品鉴赏,chinese,语文,middle,9,cn,现代文阅读,data/kp/chinese/chn-m-literary-appreciation.json,3,3,1046,True,,2965,True,3,2,0,1,True,True,0,,
chn-m-narrative-reading,记叙文阅读,chinese,语文,middle,7,cn,现代文阅读,data/kp/chinese/chn-m-narrative-reading.json,3,3,1051,True,,2996,True,3,2,0,1,True,True,0,,
chn-m-narrative-writing-m,记叙文写作,chinese,语文,middle,7,cn,写作,data/kp/chinese/chn-m-narrative-writing-m.json,3,3,949,True,习作单元,2935,True,3,2,0,1,True,True,0,,
chn-m-novel-reading,小说阅读,chinese,语文,middle,8,cn,现代文阅读,data/kp/chinese/chn-m-novel-reading.json,3,3,1066,True,,2998,True,3,2,0,1,True,True,0,,
chn-m-poetry-appreciation,古诗词赏析入门,chinese,语文,middle,7,cn,古诗文阅读,data/kp/chinese/chn-m-poetry-appreciation.json,3,3,1000,True,,2991,True,3,2,0,1,True,True,0,,
chn-m-poetry-comparison,古诗词比较阅读,chinese,语文,middle,9,cn,古诗文阅读,data/kp/chinese/chn-m-poetry-comparison.json,3,3,1079,True,,2955,True,3,2,0,1,True,True,0,,
chn-m-poetry-imagery,古诗词意象与意境,chinese,语文,middle,8,cn,古诗文阅读,data/kp/chinese/chn-m-poetry-imagery.json,3,3,1025,True,古诗词单元,2998,True,3,2,0,1,True,True,0,,
chn-m-poetry-recitation,初中古诗词背诵,chinese,语文,middle,7,cn,古诗文阅读,data/kp/chinese/chn-m-poetry-recitation.json,2,2,909,True,,2939,True,3,2,0,1,True,True,0,,
chn-m-poetry-techniques,古诗词表现手法,chinese,语文,middle,8,cn,古诗文阅读,data/kp/chinese/chn-m-poetry-techniques.json,3,3,1067,True,,2954,True,3,2,0,1,True,True,0,,
chn-m-prose-reading,散文阅读,chinese,语文,middle,8,cn,现代文阅读,data/kp/chinese/chn-m-prose-reading.json,3,3,1068,True,,2989,True,3,2,0,1,True,True,0,,
chn-m-rhetoric-analysis,修辞手法赏析,chinese,语文,middle,7,cn,语言文字运用,data/kp/chinese/chn-m-rhetoric-analysis.json,3,3,897,True,,3004,True,3,2,0,1,True,True,0,,
chn-m-rhetoric-figures,常见修辞手法,chinese,语文,middle,7,cn,语言文字运用,data/kp/chinese/chn-m-rhetoric-figures.json,3,3,919,True,,3017,True,3,2,0,1,True,True,0,,
chn-m-sentence-components,句子成分分析,chinese,语文,middle,7,cn,语言文字运用,data/kp/chinese/chn-m-sentence-components.json,2,2,1209,True,,2899,True,3,2,0,1,True,True,0,,
chn-m-sentence-logic,句子逻辑与连贯,chinese,语文,middle,8,cn,语言文字运用,data/kp/chinese/chn-m-sentence-logic.json,3,3,923,True,,2941,True,3,2,0,1,True,True,0,,
chn-m-sentence-transformations-zh,句式变换与病句修改,chinese,语文,middle,8,cn,语言文字运用,data/kp/chinese/chn-m-sentence-transformations-zh.json,3,3,965,True,,2979,True,3,2,0,1,True,True,0,,
chn-m-whole-book-reading,整本书阅读方法,chinese,语文,middle,7,cn,整本书阅读与名著导读,data/kp/chinese/chn-m-whole-book-reading.json,3,3,1117,True,,3039,True,3,2,0,1,True,True,0,,
chn-m-word-usage,词语辨析与运用,chinese,语文,middle,7,cn,语言文字运用,data/kp/chinese/chn-m-word-usage.json,2,2,970,True,,2951,True,3,2,0,1,True,True,0,,
eng-e-alphabet,26个英文字母,english,英语,elementary,3,cn,语音与自然拼读,data/kp/english/eng-e-alphabet.json,3,3,1217,True,Unit 1-3,2180,True,3,2,0,1,True,True,0,,
eng-e-asking-directions,问路与指路,english,英语,elementary,4,cn,语篇与阅读,data/kp/english/eng-e-asking-directions.json,4,4,1136,True,,2180,True,3,2,0,1,True,True,0,,
eng-e-consonant-sounds,辅音音素,english,英语,elementary,3,cn,语音与自然拼读,data/kp/english/eng-e-consonant-sounds.json,3,3,1225,True,,2180,True,3,2,0,1,True,True,0,,
eng-e-daily-topics-basic,日常话题简单对话,english,英语,elementary,4,cn,语篇与阅读,data/kp/english/eng-e-daily-topics-basic.json,3,3,1207,True,,2187,True,3,2,0,1,True,True,0,,
eng-e-future-simple,一般将来时,english,英语,elementary,6,cn,语法,data/kp/english/eng-e-future-simple.json,2,2,893,True,语法专项,2185,True,3,2,0,1,True,True,0,,
eng-e-greetings-classroom,课堂用语与问候语,english,英语,elementary,3,cn,语篇与阅读,data/kp/english/eng-e-greetings-classroom.json,3,3,947,True,,2180,True,3,2,0,1,True,True,0,,
eng-e-greetings-intro,打招呼与自我介绍,english,英语,elementary,3,cn,语篇与阅读,data/kp/english/eng-e-greetings-intro.json,3,3,947,True,,2180,True,3,2,0,1,True,True,0,,
eng-e-listening-speaking,听说训练综合,english,英语,elementary,3-6,cn,听说,data/kp/english/eng-e-listening-speaking.json,4,4,1230,True,,2180,True,3,2,0,1,True,True,0,,
eng-e-nouns-articles,名词与冠词 a/an/the,english,英语,elementary,3,cn,语法,data/kp/english/eng-e-nouns-articles.json,2,2,1367,True,,2180,True,3,2,0,1,True,True,0,,
eng-e-numbers-colors,数字与颜色,english,英语,elementary,3,cn,词汇,data/kp/english/eng-e-numbers-colors.json,3,3,1038,True,Unit 3-6,2187,True,3,2,0,1,True,True,0,,
eng-e-passage-questions,语篇理解答题,english,英语,elementary,5,cn,语篇与阅读,data/kp/english/eng-e-passage-questions.json,3,3,999,True,,2187,True,3,2,0,1,True,True,0,,
eng-e-past-simple,一般过去时,english,英语,elementary,5,cn,语法,data/kp/english/eng-e-past-simple.json,2,2,1066,True,,2180,True,3,2,0,1,True,True,0,,
eng-e-phonics-blends,辅元混合拼读,english,英语,elementary,4,cn,语音与自然拼读,data/kp/english/eng-e-phonics-blends.json,3,3,1139,True,,2180,True,3,2,0,1,True,True,0,,
eng-e-phonics-consonants,辅音字母组合拼读,english,英语,elementary,3,cn,语音与自然拼读,data/kp/english/eng-e-phonics-consonants.json,4,4,1270,True,,2180,True,3,2,0,1,True,True,0,,
eng-e-phonics-rules,自然拼读基本规律,english,英语,elementary,4,cn,语音与自然拼读,data/kp/english/eng-e-phonics-rules.json,4,4,1131,True,,2180,True,3,2,0,1,True,True,0,,
eng-e-phonics-vowels,元音字母组合拼读,english,英语,elementary,4,cn,语音与自然拼读,data/kp/english/eng-e-phonics-vowels.json,3,3,1140,True,,2180,True,3,2,0,1,True,True,0,,
eng-e-prepositions,方位介词,english,英语,elementary,4,cn,语法,data/kp/english/eng-e-prepositions.json,2,2,1035,True,,2180,True,3,2,0,1,True,True,0,,
eng-e-present-continuous,现在进行时,english,英语,elementary,5,cn,语法,data/kp/english/eng-e-present-continuous.json,2,2,1063,True,,2180,True,3,2,0,1,True,True,0,,
eng-e-present-simple,一般现在时,english,英语,elementary,4,cn,语法,data/kp/english/eng-e-present-simple.json,2,2,1070,True,,2180,True,3,2,0,1,True,True,0,,
eng-e-pronouns-be-verbs,人称代词与 be 动词,english,英语,elementary,3,cn,语法,data/kp/english/eng-e-pronouns-be-verbs.json,2,2,1103,True,,2187,True,3,2,0,1,True,True,0,,
eng-e-reading-skills-primary,小学阅读技能,english,英语,elementary,5,cn,语篇与阅读,data/kp/english/eng-e-reading-skills-primary.json,4,4,1040,True,,2187,True,3,2,0,1,True,True,0,,
eng-e-short-passage,简单语篇阅读,english,英语,elementary,4,cn,语篇与阅读,data/kp/english/eng-e-short-passage.json,3,3,953,True,,2187,True,3,2,0,1,True,True,0,,
eng-e-simple-sentences,简单句结构,english,英语,elementary,3,cn,语法,data/kp/english/eng-e-simple-sentences.json,2,2,1069,True,,2180,True,3,2,0,1,True,True,0,,
eng-e-simple-writing,看图写话与简单作文,english,英语,elementary,6,cn,写作,data/kp/english/eng-e-simple-writing.json,2,2,984,True,,2180,True,3,2,0,1,True,True,0,,
eng-e-story-retelling,故事复述,english,英语,elementary,6,cn,语篇与阅读,data/kp/english/eng-e-story-retelling.json,4,4,1054,True,,2180,True,3,2,0,1,True,True,0,,
eng-e-tenses-primary,小学阶段时态综合,english,英语,elementary,6,cn,语法,data/kp/english/eng-e-tenses-primary.json,2,2,1077,True,,2180,True,3,2,0,1,True,True,0,,
eng-e-there-be,There be 句型,english,英语,elementary,4,cn,语法,data/kp/english/eng-e-there-be.json,3,3,1139,True,,2180,True,3,2,0,1,True,True,0,,
eng-e-topic-conversation,话题式对话,english,英语,elementary,5,cn,语篇与阅读,data/kp/english/eng-e-topic-conversation.json,3,3,1085,True,,2180,True,3,2,0,1,True,True,0,,
eng-e-vocab-600-words,小学 600 词累积,english,英语,elementary,6,cn,词汇,data/kp/english/eng-e-vocab-600-words.json,2,2,1151,True,,2185,True,3,2,0,1,True,True,0,,
eng-e-vocab-daily-life,日常生活词汇,english,英语,elementary,4,cn,词汇,data/kp/english/eng-e-vocab-daily-life.json,3,3,1188,True,,2187,True,3,2,0,1,True,True,0,,
eng-e-vocab-family-school,家庭与校园词汇,english,英语,elementary,3,cn,词汇,data/kp/english/eng-e-vocab-family-school.json,3,3,1201,True,,2187,True,3,2,0,1,True,True,0,,
eng-e-vocab-nature-society,自然与社会词汇,english,英语,elementary,5,cn,词汇,data/kp/english/eng-e-vocab-nature-society.json,3,3,1198,True,,2195,True,3,2,0,1,True,True,0,,
eng-e-vowel-sounds,元音音素,english,英语,elementary,3,cn,语音与自然拼读,data/kp/english/eng-e-vowel-sounds.json,3,3,1190,True,,2180,True,3,2,0,1,True,True,0,,
eng-e-word-reading,单词见字读音,english,英语,elementary,5,cn,语音与自然拼读,data/kp/english/eng-e-word-reading.json,4,4,1197,True,,2180,True,3,2,0,1,True,True,0,,
eng-e-writing-skills-primary,小学写作技能,english,英语,elementary,6,cn,写作,data/kp/english/eng-e-writing-skills-primary.json,3,3,998,True,,2180,True,3,2,0,1,True,True,0,,
eng-h-advanced-grammar,语法综合进阶,english,英语,high,10,cn,语法,data/kp/english/eng-h-advanced-grammar.json,3,3,1044,True,,2193,True,3,2,0,1,True,True,0,,
eng-h-adverbial-clauses-h,状语从句,english,英语,high,10,cn,语法,data/kp/english/eng-h-adverbial-clauses-h.json,2,2,1022,True,,2193,True,3,2,0,1,True,True,0,,
eng-h-application-letter,应用文写作（书信/邮件）,english,英语,high,10,cn,写作,data/kp/english/eng-h-application-letter.json,2,2,1108,True,,2187,True,3,2,0,1,True,True,0,,
eng-h-attributive-clauses-h,定语从句,english,英语,high,10,cn,语法,data/kp/english/eng-h-attributive-clauses-h.json,2,2,998,True,,2193,True,3,2,0,1,True,True,0,,
eng-h-cloze-comprehensive,完形填空综合,english,英语,high,11,cn,完形填空,data/kp/english/eng-h-cloze-comprehensive.json,3,3,1353,True,,2187,True,3,2,0,1,True,True,0,,
eng-h-cloze-narrative,完形填空（记叙型）,english,英语,high,10,cn,完形填空,data/kp/english/eng-h-cloze-narrative.json,3,3,1172,True,,2187,True,3,2,0,1,True,True,0,,
eng-h-context-vocab,语境词义推断,english,英语,high,12,cn,词汇,data/kp/english/eng-h-context-vocab.json,3,3,1066,True,,2201,True,3,2,0,1,True,True,0,,
eng-h-continuation-writing,读后续写,english,英语,high,11,cn,写作,data/kp/english/eng-h-continuation-writing.json,3,3,1200,True,,2187,True,3,2,0,1,True,True,0,,
eng-h-essay-writing,议论文/记叙文写作,english,英语,high,10,cn,写作,data/kp/english/eng-h-essay-writing.json,3,3,1045,True,,2192,True,3,2,0,1,True,True,0,,
eng-h-listening-long-h,长对话与独白听力,english,英语,high,11,cn,听力,data/kp/english/eng-h-listening-long-h.json,2,2,1085,True,,2187,True,3,2,0,1,True,True,0,,
eng-h-listening-short-h,短对话听力,english,英语,high,10,cn,听力,data/kp/english/eng-h-listening-short-h.json,3,3,1209,True,,2187,True,3,2,0,1,True,True,0,,
eng-h-non-finite-h,非谓语动词,english,英语,high,11,cn,语法,data/kp/english/eng-h-non-finite-h.json,3,3,1102,True,,2193,True,3,2,0,1,True,True,0,,
eng-h-noun-clauses,名词性从句,english,英语,high,10,cn,语法,data/kp/english/eng-h-noun-clauses.json,2,2,1039,True,,2193,True,3,2,0,1,True,True,0,,
eng-h-reading-7-choose-5,七选五语篇填空,english,英语,high,11,cn,阅读理解,data/kp/english/eng-h-reading-7-choose-5.json,3,3,1320,True,,2187,True,3,2,0,1,True,True,0,,
eng-h-reading-comprehension-advanced,高阶阅读综合,english,英语,high,12,cn,阅读理解,data/kp/english/eng-h-reading-comprehension-advanced.json,3,3,1110,True,,2187,True,3,2,0,1,True,True,0,,
eng-h-reading-detail-h,阅读细节题,english,英语,high,10,cn,阅读理解,data/kp/english/eng-h-reading-detail-h.json,3,3,1260,True,,2187,True,3,2,0,1,True,True,0,,
eng-h-reading-inference-h,阅读推理题,english,英语,high,10,cn,阅读理解,data/kp/english/eng-h-reading-inference-h.json,3,3,1259,True,,2187,True,3,2,0,1,True,True,0,,
eng-h-reading-purpose,阅读主旨与目的题,english,英语,high,11,cn,阅读理解,data/kp/english/eng-h-reading-purpose.json,3,3,1158,True,,2197,True,3,2,0,1,True,True,0,,
eng-h-special-sentences,特殊句式（倒装/强调/省略）,english,英语,high,12,cn,语法,data/kp/english/eng-h-special-sentences.json,2,2,1078,True,,2200,True,3,2,0,1,True,True,0,,
eng-h-subjunctive-mood,虚拟语气,english,英语,high,11,cn,语法,data/kp/english/eng-h-subjunctive-mood.json,2,2,998,True,,2193,True,3,2,0,1,True,True,0,,
eng-h-summary-writing,概要写作,english,英语,high,12,cn,写作,data/kp/english/eng-h-summary-writing.json,3,3,1270,True,,2187,True,3,2,0,1,True,True,0,,
eng-h-tense-system,时态与语态系统,english,英语,high,10,cn,语法,data/kp/english/eng-h-tense-system.json,3,3,1049,True,,2193,True,3,2,0,1,True,True,0,,
eng-h-vocab-3500,高中 3500 词汇,english,英语,high,11,cn,词汇,data/kp/english/eng-h-vocab-3500.json,3,3,1051,True,,2200,True,3,2,0,1,True,True,0,,
eng-h-word-formation-h,构词法（派生/合成/转化）,english,英语,high,10,cn,词汇,data/kp/english/eng-h-word-formation-h.json,2,2,1059,True,,2201,True,3,2,0,1,True,True,0,,
eng-m-adverbial-clause,状语从句,english,英语,middle,9,cn,语法与句法,data/kp/english/eng-m-adverbial-clause.json,3,3,1057,True,,2277,True,3,2,0,1,True,True,0,,
eng-m-attributive-clause,定语从句,english,英语,middle,9,cn,语法与句法,data/kp/english/eng-m-attributive-clause.json,3,3,1193,True,,2297,True,3,2,0,1,True,True,0,,
eng-m-basic-writing,基础写作（短文/书信/邮件）,english,英语,middle,9,cn,语篇理解与书面表达,data/kp/english/eng-m-basic-writing.json,3,3,1170,True,,2180,True,3,2,0,1,True,True,0,,
eng-m-cloze-test,完形填空,english,英语,middle,8,cn,语篇理解与书面表达,data/kp/english/eng-m-cloze-test.json,3,3,1014,True,,2180,True,3,2,0,1,True,True,0,,
eng-m-curriculum-vocabulary,课标核心词汇（1600词）,english,英语,middle,7,cn,词汇与语块,data/kp/english/eng-m-curriculum-vocabulary.json,3,3,1207,True,,2311,True,3,2,0,1,True,True,0,,
eng-m-ipa-transcription,国际音标（IPA）,english,英语,middle,7,cn,语音与拼写,data/kp/english/eng-m-ipa-transcription.json,2,2,1132,True,,2257,True,3,2,0,1,True,True,0,,
eng-m-listening-basic,基础听力（对话/短文）,english,英语,middle,7,cn,听说交流,data/kp/english/eng-m-listening-basic.json,3,3,1199,True,,2239,True,3,2,0,1,True,True,0,,
eng-m-listening-long,长对话与语段听力,english,英语,middle,8,cn,听说交流,data/kp/english/eng-m-listening-long.json,3,3,989,True,,2180,True,3,2,0,1,True,True,0,,
eng-m-modal-verbs,情态动词（can/may/must/should）,english,英语,middle,8,cn,语法与句法,data/kp/english/eng-m-modal-verbs.json,3,3,1361,True,,2297,True,3,2,0,1,True,True,0,,
eng-m-nouns-articles,名词、代词与冠词,english,英语,middle,7,cn,语法与句法,data/kp/english/eng-m-nouns-articles.json,3,3,1225,True,,2297,True,3,2,0,1,True,True,0,,
eng-m-object-clause,宾语从句,english,英语,middle,8,cn,语法与句法,data/kp/english/eng-m-object-clause.json,3,3,1193,True,,2297,True,3,2,0,1,True,True,0,,
eng-m-oral-topic,话题口语表达,english,英语,middle,9,cn,听说交流,data/kp/english/eng-m-oral-topic.json,3,3,1042,True,,2231,True,3,2,0,1,True,True,0,,
eng-m-passive-voice,被动语态,english,英语,middle,8,cn,语法与句法,data/kp/english/eng-m-passive-voice.json,3,3,1193,True,,2297,True,3,2,0,1,True,True,0,,
eng-m-phrasal-verbs,动词短语,english,英语,middle,9,cn,词汇与语块,data/kp/english/eng-m-phrasal-verbs.json,2,2,1140,True,,2265,True,3,2,0,1,True,True,0,,
eng-m-reading-strategies,阅读策略（略读/扫读/精读）,english,英语,middle,7,cn,语篇理解与书面表达,data/kp/english/eng-m-reading-strategies.json,3,3,1063,True,,2203,True,3,2,0,1,True,True,0,,
eng-m-sentence-patterns,基本句型与复合句,english,英语,middle,8,cn,语法与句法,data/kp/english/eng-m-sentence-patterns.json,3,3,1180,True,,2292,True,3,2,0,1,True,True,0,,
eng-m-tenses-future,一般将来时与过去将来时,english,英语,middle,8,cn,语法与句法,data/kp/english/eng-m-tenses-future.json,3,3,1249,True,,2297,True,3,2,0,1,True,True,0,,
eng-m-tenses-past,一般过去时与过去进行时,english,英语,middle,7,cn,语法与句法,data/kp/english/eng-m-tenses-past.json,3,3,1117,True,语法专项,2246,True,3,2,0,1,True,True,0,,
eng-m-tenses-perfect,现在完成时与过去完成时,english,英语,middle,8,cn,语法与句法,data/kp/english/eng-m-tenses-perfect.json,3,3,1249,True,,2297,True,3,2,0,1,True,True,0,,
eng-m-tenses-present,一般现在时与现在进行时,english,英语,middle,7,cn,语法与句法,data/kp/english/eng-m-tenses-present.json,3,3,1249,True,语法专项,2297,True,3,2,0,1,True,True,0,,
eng-m-text-types,语篇类型识别（记叙/说明/议论）,english,英语,middle,8,cn,语篇理解与书面表达,data/kp/english/eng-m-text-types.json,3,3,1171,True,,2270,True,3,2,0,1,True,True,0,,
eng-m-theme-vocabulary,主题词汇（校园/家庭/社会/自然）,english,英语,middle,8,cn,词汇与语块,data/kp/english/eng-m-theme-vocabulary.json,3,3,1266,True,,2281,True,3,2,0,1,True,True,0,,
eng-m-word-formation-en,构词法（前缀/后缀/合成）,english,英语,middle,8,cn,词汇与语块,data/kp/english/eng-m-word-formation-en.json,3,3,1144,True,,2272,True,3,2,0,1,True,True,0,,
geo-h-agriculture,农业,geography,地理,high,11,cn,人文地理（人口·城市·产业·交通）,data/kp/geography/geo-h-agriculture.json,3,3,915,True,必修二 第3章,719,True,3,2,0,1,True,True,0,,
geo-h-agriculture-location,农业区位因素,geography,地理,high,11,cn,人文地理（人口·城市·产业·交通）,data/kp/geography/geo-h-agriculture-location.json,3,3,949,True,,721,True,3,2,0,1,True,True,0,,
geo-h-agriculture-types,主要农业地域类型,geography,地理,high,11,cn,人文地理（人口·城市·产业·交通）,data/kp/geography/geo-h-agriculture-types.json,2,2,903,True,,660,True,3,2,0,1,True,True,0,,
geo-h-atmosphere,大气圈综合,geography,地理,high,10,cn,自然地理（大气·水·地貌·整体性）,data/kp/geography/geo-h-atmosphere.json,3,3,971,True,,721,True,3,2,0,1,True,True,0,,
geo-h-atmospheric-circulation,大气环流（三圈环流）,geography,地理,high,10,cn,自然地理（大气·水·地貌·整体性）,data/kp/geography/geo-h-atmospheric-circulation.json,3,3,1076,True,,723,True,3,2,0,1,True,True,0,,
geo-h-atmospheric-heating,大气的受热过程,geography,地理,high,10,cn,自然地理（大气·水·地貌·整体性）,data/kp/geography/geo-h-atmospheric-heating.json,3,3,949,True,,683,True,3,2,0,1,True,True,0,,
geo-h-climate-change,全球气候变化,geography,地理,high,10,cn,自然地理（大气·水·地貌·整体性）,data/kp/geography/geo-h-climate-change.json,2,2,929,True,,651,True,3,2,0,1,True,True,0,,
geo-h-climate-types,气候类型与分布,geography,地理,high,10,cn,自然地理（大气·水·地貌·整体性）,data/kp/geography/geo-h-climate-types.json,3,3,1047,True,,718,True,3,2,0,1,True,True,0,,
geo-h-crustal-movement,地壳运动,geography,地理,high,10,cn,自然地理（大气·水·地貌·整体性）,data/kp/geography/geo-h-crustal-movement.json,3,3,939,True,,676,True,3,2,0,1,True,True,0,,
geo-h-earth-in-universe,地球的宇宙环境,geography,地理,high,10,cn,地球与宇宙环境,data/kp/geography/geo-h-earth-in-universe.json,2,2,883,True,,640,True,3,2,0,1,True,True,0,,
geo-h-earth-motion,地球运动综合,geography,地理,high,10,cn,地球与宇宙环境,data/kp/geography/geo-h-earth-motion.json,2,2,864,True,,662,True,3,2,0,1,True,True,0,,
geo-h-earth-revolution,地球的公转（黄赤交角/正午太阳高度）,geography,地理,high,10,cn,地球与宇宙环境,data/kp/geography/geo-h-earth-revolution.json,2,2,960,True,,662,True,3,2,0,1,True,True,0,,
geo-h-earth-rotation,地球的自转（地方时/地转偏向力）,geography,地理,high,10,cn,地球与宇宙环境,data/kp/geography/geo-h-earth-rotation.json,2,2,944,True,,662,True,3,2,0,1,True,True,0,,
geo-h-earth-structure,地球的内部圈层与结构,geography,地理,high,10,cn,地球与宇宙环境,data/kp/geography/geo-h-earth-structure.json,2,2,863,True,,632,True,3,2,0,1,True,True,0,,
geo-h-environmental-issues,环境问题,geography,地理,high,11,cn,资源、环境与可持续发展,data/kp/geography/geo-h-environmental-issues.json,4,4,971,True,,701,True,3,2,0,1,True,True,0,,
geo-h-global-circulation,全球性大气环流,geography,地理,high,10,cn,自然地理（大气·水·地貌·整体性）,data/kp/geography/geo-h-global-circulation.json,2,2,1015,True,,687,True,3,2,0,1,True,True,0,,
geo-h-hydrosphere,水圈综合,geography,地理,high,10,cn,自然地理（大气·水·地貌·整体性）,data/kp/geography/geo-h-hydrosphere.json,2,2,855,True,,647,True,3,2,0,1,True,True,0,,
geo-h-industry-cluster,工业地域与工业集聚,geography,地理,high,11,cn,人文地理（人口·城市·产业·交通）,data/kp/geography/geo-h-industry-cluster.json,3,3,960,True,,708,True,3,2,0,1,True,True,0,,
geo-h-industry-location,工业区位,geography,地理,high,11,cn,人文地理（人口·城市·产业·交通）,data/kp/geography/geo-h-industry-location.json,3,3,920,True,,708,True,3,2,0,1,True,True,0,,
geo-h-industry-services,工业与服务业,geography,地理,high,11,cn,人文地理（人口·城市·产业·交通）,data/kp/geography/geo-h-industry-services.json,3,3,936,True,必修二 第3-4章,708,True,3,2,0,1,True,True,0,,
geo-h-landforms,主要地貌类型,geography,地理,high,10,cn,自然地理（大气·水·地貌·整体性）,data/kp/geography/geo-h-landforms.json,3,3,972,True,,693,True,3,2,0,1,True,True,0,,
geo-h-monsoon-system,季风系统,geography,地理,high,10,cn,自然地理（大气·水·地貌·整体性）,data/kp/geography/geo-h-monsoon-system.json,3,3,1028,True,,723,True,3,2,0,1,True,True,0,,
geo-h-natural-disaster,自然灾害,geography,地理,high,10,cn,自然地理（大气·水·地貌·整体性）,data/kp/geography/geo-h-natural-disaster.json,3,3,913,True,,683,True,3,2,0,1,True,True,0,,
geo-h-natural-integrity,自然地理环境整体性,geography,地理,high,10,cn,自然地理（大气·水·地貌·整体性）,data/kp/geography/geo-h-natural-integrity.json,3,3,963,True,,693,True,3,2,0,1,True,True,0,,
geo-h-natural-zones,自然地理环境差异性（自然带）,geography,地理,high,10,cn,自然地理（大气·水·地貌·整体性）,data/kp/geography/geo-h-natural-zones.json,3,3,1038,True,,728,True,3,2,0,1,True,True,0,,
geo-h-ocean-current,洋流,geography,地理,high,10,cn,自然地理（大气·水·地貌·整体性）,data/kp/geography/geo-h-ocean-current.json,3,3,972,True,,713,True,3,2,0,1,True,True,0,,
geo-h-plate-tectonics,板块构造理论,geography,地理,high,10,cn,自然地理（大气·水·地貌·整体性）,data/kp/geography/geo-h-plate-tectonics.json,3,3,909,True,,693,True,3,2,0,1,True,True,0,,
geo-h-population-growth,人口增长与分布,geography,地理,high,11,cn,人文地理（人口·城市·产业·交通）,data/kp/geography/geo-h-population-growth.json,3,3,1063,True,,746,True,3,2,0,1,True,True,0,,
geo-h-population-migration,人口迁移,geography,地理,high,11,cn,人文地理（人口·城市·产业·交通）,data/kp/geography/geo-h-population-migration.json,3,3,1039,True,,746,True,3,2,0,1,True,True,0,,
geo-h-population-urbanization,人口与城市化综合,geography,地理,high,11,cn,人文地理（人口·城市·产业·交通）,data/kp/geography/geo-h-population-urbanization.json,3,3,961,True,,693,True,3,2,0,1,True,True,0,,
geo-h-resource-energy,自然资源与能源,geography,地理,high,11,cn,资源、环境与可持续发展,data/kp/geography/geo-h-resource-energy.json,4,4,989,True,,731,True,3,2,0,1,True,True,0,,
geo-h-river-features,河流特征与开发利用,geography,地理,high,10,cn,自然地理（大气·水·地貌·整体性）,data/kp/geography/geo-h-river-features.json,3,3,923,True,,671,True,3,2,0,1,True,True,0,,
geo-h-service-location,服务业区位,geography,地理,high,11,cn,人文地理（人口·城市·产业·交通）,data/kp/geography/geo-h-service-location.json,3,3,939,True,,719,True,3,2,0,1,True,True,0,,
geo-h-sustainable-development,可持续发展理念与实践,geography,地理,high,11,cn,资源、环境与可持续发展,data/kp/geography/geo-h-sustainable-development.json,4,4,1062,True,,744,True,3,2,0,1,True,True,0,,
geo-h-transportation,交通运输布局,geography,地理,high,11,cn,人文地理（人口·城市·产业·交通）,data/kp/geography/geo-h-transportation.json,2,2,857,True,,630,True,3,2,0,1,True,True,0,,
geo-h-transportation-communication,交通与区域发展,geography,地理,high,11,cn,人文地理（人口·城市·产业·交通）,data/kp/geography/geo-h-transportation-communication.json,3,3,912,True,,676,True,3,2,0,1,True,True,0,,
geo-h-urban-problems,城市化问题与城市规划,geography,地理,high,11,cn,人文地理（人口·城市·产业·交通）,data/kp/geography/geo-h-urban-problems.json,4,4,1011,True,,726,True,3,2,0,1,True,True,0,,
geo-h-urban-structure,城市空间结构,geography,地理,high,11,cn,人文地理（人口·城市·产业·交通）,data/kp/geography/geo-h-urban-structure.json,3,3,984,True,,720,True,3,2,0,1,True,True,0,,
geo-h-urbanization,城市化,geography,地理,high,11,cn,人文地理（人口·城市·产业·交通）,data/kp/geography/geo-h-urbanization.json,3,3,908,True,,680,True,3,2,0,1,True,True,0,,
geo-h-vegetation-soil,植被与土壤,geography,地理,high,10,cn,自然地理（大气·水·地貌·整体性）,data/kp/geography/geo-h-vegetation-soil.json,4,4,995,True,,750,True,3,2,0,1,True,True,0,,
geo-h-water-cycle,水循环,geography,地理,high,10,cn,自然地理（大气·水·地貌·整体性）,data/kp/geography/geo-h-water-cycle.json,3,3,873,True,,672,True,3,2,0,1,True,True,0,,
geo-h-weather-system,常见天气系统,geography,地理,high,10,cn,自然地理（大气·水·地貌·整体性）,data/kp/geography/geo-h-weather-system.json,3,3,1036,True,,721,True,3,2,0,1,True,True,0,,
geo-m-china-agriculture,中国农业,geography,地理,middle,8,cn,中国经济地理,data/kp/geography/geo-m-china-agriculture.json,2,2,950,True,,661,True,3,2,0,1,True,True,0,,
geo-m-china-climate,中国气候,geography,地理,middle,8,cn,中国地理,data/kp/geography/geo-m-china-climate.json,2,2,959,True,,684,True,3,2,0,1,True,True,0,,
geo-m-china-industry,中国工业,geography,地理,middle,8,cn,中国经济地理,data/kp/geography/geo-m-china-industry.json,2,2,985,True,,687,True,3,2,0,1,True,True,0,,
geo-m-china-location,中国的地理位置与疆域,geography,地理,middle,8,cn,中国地理,data/kp/geography/geo-m-china-location.json,2,2,1078,True,,680,True,3,2,0,1,True,True,0,,
geo-m-china-overview,中国地理总论,geography,地理,middle,8,cn,中国地理,data/kp/geography/geo-m-china-overview.json,3,3,1111,True,,744,True,3,2,0,1,True,True,0,,
geo-m-china-population,中国人口与民族,geography,地理,middle,8,cn,中国地理,data/kp/geography/geo-m-china-population.json,2,2,876,True,,637,True,3,2,0,1,True,True,0,,
geo-m-china-regions,中国四大地理区域,geography,地理,middle,8,cn,中国区域地理,data/kp/geography/geo-m-china-regions.json,3,3,997,True,第5-9章,711,True,3,2,0,1,True,True,0,,
geo-m-china-resources,中国自然资源,geography,地理,middle,8,cn,中国地理,data/kp/geography/geo-m-china-resources.json,2,2,1000,True,,658,True,3,2,0,1,True,True,0,,
geo-m-china-rivers,中国河流湖泊,geography,地理,middle,8,cn,中国地理,data/kp/geography/geo-m-china-rivers.json,2,2,965,True,,689,True,3,2,0,1,True,True,0,,
geo-m-china-terrain,中国地形与地势,geography,地理,middle,8,cn,中国地理,data/kp/geography/geo-m-china-terrain.json,2,2,957,True,,658,True,3,2,0,1,True,True,0,,
geo-m-china-transportation,中国交通运输,geography,地理,middle,8,cn,中国经济地理,data/kp/geography/geo-m-china-transportation.json,2,2,967,True,,653,True,3,2,0,1,True,True,0,,
geo-m-climate-basics,气候基础（天气/气温/降水）,geography,地理,middle,7,cn,世界地理,data/kp/geography/geo-m-climate-basics.json,3,3,981,True,,682,True,3,2,0,1,True,True,0,,
geo-m-climate-m,世界气候类型与分布,geography,地理,middle,7,cn,世界地理,data/kp/geography/geo-m-climate-m.json,3,3,1056,True,,710,True,3,2,0,1,True,True,0,,
geo-m-continents-oceans,大洲大洋与海陆变迁,geography,地理,middle,7,cn,世界地理,data/kp/geography/geo-m-continents-oceans.json,3,3,979,True,,705,True,3,2,0,1,True,True,0,,
geo-m-earth-basics,地球基础知识,geography,地理,middle,7,cn,地球与地图,data/kp/geography/geo-m-earth-basics.json,3,3,1081,True,,722,True,3,2,0,1,True,True,0,,
geo-m-earth-motion-m,地球的自转与公转,geography,地理,middle,7,cn,地球与地图,data/kp/geography/geo-m-earth-motion-m.json,4,4,981,True,,710,True,3,2,0,1,True,True,0,,
geo-m-earth-shape-size,地球的形状与大小,geography,地理,middle,7,cn,地球与地图,data/kp/geography/geo-m-earth-shape-size.json,2,2,1014,True,,703,True,3,2,0,1,True,True,0,,
geo-m-four-regions,北方、南方、西北、青藏地区,geography,地理,middle,8,cn,中国区域地理,data/kp/geography/geo-m-four-regions.json,2,2,975,True,,650,True,3,2,0,1,True,True,0,,
geo-m-globe-coordinates,经纬网与地球坐标,geography,地理,middle,7,cn,地球与地图,data/kp/geography/geo-m-globe-coordinates.json,3,3,935,True,,665,True,3,2,0,1,True,True,0,,
geo-m-map-reading,地图的阅读（比例尺/方向/图例）,geography,地理,middle,7,cn,地球与地图,data/kp/geography/geo-m-map-reading.json,2,2,931,True,,631,True,3,2,0,1,True,True,0,,
geo-m-north-south,北方与南方地区对比,geography,地理,middle,8,cn,中国区域地理,data/kp/geography/geo-m-north-south.json,2,2,1031,True,,672,True,3,2,0,1,True,True,0,,
geo-m-northwest-qinghai,西北与青藏地区,geography,地理,middle,8,cn,中国区域地理,data/kp/geography/geo-m-northwest-qinghai.json,2,2,1015,True,,672,True,3,2,0,1,True,True,0,,
geo-m-pearl-river-delta,珠江三角洲,geography,地理,middle,8,cn,中国区域地理,data/kp/geography/geo-m-pearl-river-delta.json,2,2,999,True,,672,True,3,2,0,1,True,True,0,,
geo-m-population-distribution,世界人口与人种,geography,地理,middle,7,cn,世界地理,data/kp/geography/geo-m-population-distribution.json,3,3,980,True,,710,True,3,2,0,1,True,True,0,,
geo-m-seasons-m,四季更替与昼夜长短,geography,地理,middle,7,cn,地球与地图,data/kp/geography/geo-m-seasons-m.json,3,3,950,True,,675,True,3,2,0,1,True,True,0,,
geo-m-terrain-types,世界地形类型,geography,地理,middle,7,cn,世界地理,data/kp/geography/geo-m-terrain-types.json,2,2,979,True,,664,True,3,2,0,1,True,True,0,,
geo-m-topographic-map,等高线与地形图,geography,地理,middle,7,cn,地球与地图,data/kp/geography/geo-m-topographic-map.json,2,2,1005,True,,681,True,3,2,0,1,True,True,0,,
geo-m-world-countries,世界主要国家（日/俄/美/澳/巴西等）,geography,地理,middle,7,cn,世界地理,data/kp/geography/geo-m-world-countries.json,4,4,1214,True,,754,True,3,2,0,1,True,True,0,,
geo-m-world-regions,世界地理分区,geography,地理,middle,7,cn,世界地理,data/kp/geography/geo-m-world-regions.json,3,3,1003,True,,696,True,3,2,0,1,True,True,0,,
geo-m-yangtze-delta,长江三角洲,geography,地理,middle,8,cn,中国区域地理,data/kp/geography/geo-m-yangtze-delta.json,2,2,945,True,,675,True,3,2,0,1,True,True,0,,
hist-h-age-of-exploration,新航路开辟与殖民扩张,history,历史,high,11,cn,世界近现代史,data/kp/history/hist-h-age-of-exploration.json,2,2,1163,True,,5998,True,3,2,0,1,True,True,0,,
hist-h-ancient-civ,中华文明起源（史前·新石器）,history,历史,high,10,cn,中国古代史,data/kp/history/hist-h-ancient-civ.json,2,2,1072,True,,5806,True,3,2,0,1,True,True,0,,
hist-h-ancient-civ-h,古代亚非欧文明,history,历史,high,11,cn,世界古代中世纪史,data/kp/history/hist-h-ancient-civ-h.json,3,3,1269,True,,5998,True,3,2,0,1,True,True,0,,
hist-h-ancient-culture,中国古代思想文化,history,历史,high,10,cn,中国古代史,data/kp/history/hist-h-ancient-culture.json,3,3,1066,True,,5954,True,3,2,0,1,True,True,0,,
hist-h-ancient-economy,古代经济（农业/手工业/商业）,history,历史,high,10,cn,中国古代史,data/kp/history/hist-h-ancient-economy.json,2,2,1030,True,,7288,True,3,2,0,1,True,True,0,,
hist-h-ancient-thought,古代思想文化（儒/道/法/佛）,history,历史,high,10,cn,中国古代史,data/kp/history/hist-h-ancient-thought.json,2,2,1190,True,,5870,True,3,2,0,1,True,True,0,,
hist-h-bourgeois-revolution,资产阶级革命与资本主义制度确立,history,历史,high,11,cn,世界近现代史,data/kp/history/hist-h-bourgeois-revolution.json,3,3,1092,True,,7645,True,3,2,0,1,True,True,0,,
hist-h-classical-civ,古典文明（希腊/罗马）,history,历史,high,11,cn,世界古代中世纪史,data/kp/history/hist-h-classical-civ.json,3,3,923,True,,5998,True,3,2,0,1,True,True,0,,
hist-h-cold-war-h,冷战格局,history,历史,high,12,cn,世界近现代史,data/kp/history/hist-h-cold-war-h.json,3,3,1022,True,,6122,True,3,2,0,1,True,True,0,,
hist-h-colonialism-liberation,世界殖民体系与亚非拉民族独立运动,history,历史,high,11,cn,世界近现代史,data/kp/history/hist-h-colonialism-liberation.json,3,3,1093,True,,7660,True,3,2,0,1,True,True,0,,
hist-h-cultural-thought-history,文化史与思想史,history,历史,high,12,cn,专题史（选择性必修）,data/kp/history/hist-h-cultural-thought-history.json,3,3,1199,True,,5931,True,3,2,0,1,True,True,0,,
hist-h-early-state,中华文明的起源与早期国家,history,历史,high,10,cn,中国古代史,data/kp/history/hist-h-early-state.json,2,2,1034,True,第1单元,5870,True,3,2,0,1,True,True,0,,
hist-h-economic-history,经济史与社会生活,history,历史,high,11,cn,专题史（选择性必修）,data/kp/history/hist-h-economic-history.json,3,3,1165,True,,5931,True,3,2,0,1,True,True,0,,
hist-h-enlightenment,文艺复兴、宗教改革与启蒙运动,history,历史,high,11,cn,世界近现代史,data/kp/history/hist-h-enlightenment.json,2,2,1220,True,,7395,True,3,2,0,1,True,True,0,,
hist-h-feudal-system,秦汉统一与中央集权制度,history,历史,high,10,cn,中国古代史,data/kp/history/hist-h-feudal-system.json,2,2,1053,True,,5863,True,3,2,0,1,True,True,0,,
hist-h-globalization-h,全球化与多极化,history,历史,high,12,cn,世界近现代史,data/kp/history/hist-h-globalization-h.json,3,3,1033,True,,7631,True,3,2,0,1,True,True,0,,
hist-h-ideological-liberation,思想解放潮流,history,历史,high,12,cn,专题史（选择性必修）,data/kp/history/hist-h-ideological-liberation.json,3,3,947,True,,5931,True,3,2,0,1,True,True,0,,
hist-h-imperial-system,隋唐至明清政治制度演变,history,历史,high,10,cn,中国古代史,data/kp/history/hist-h-imperial-system.json,2,2,1063,True,,5804,True,3,2,0,1,True,True,0,,
hist-h-industrial-rev-h,工业革命,history,历史,high,11,cn,世界近现代史,data/kp/history/hist-h-industrial-rev-h.json,2,2,1034,True,,7759,True,3,2,0,1,True,True,0,,
hist-h-marxism-russian,马克思主义与俄国革命,history,历史,high,11,cn,世界近现代史,data/kp/history/hist-h-marxism-russian.json,2,2,1122,True,,5998,True,3,2,0,1,True,True,0,,
hist-h-medieval-h,中古时期（欧洲/亚洲/非洲美洲）,history,历史,high,11,cn,世界古代中世纪史,data/kp/history/hist-h-medieval-h.json,3,3,1087,True,,5998,True,3,2,0,1,True,True,0,,
hist-h-new-democracy,新民主主义革命,history,历史,high,10,cn,中国近现代史,data/kp/history/hist-h-new-democracy.json,2,2,1170,True,第1-5单元,5537,True,3,2,0,1,True,True,0,,
hist-h-opium-war-h,鸦片战争与近代中国,history,历史,high,10,cn,中国近现代史,data/kp/history/hist-h-opium-war-h.json,2,2,1100,True,,5537,True,3,2,0,1,True,True,0,,
hist-h-political-system-evolution,中外政治制度演变,history,历史,high,11,cn,专题史（选择性必修）,data/kp/history/hist-h-political-system-evolution.json,3,3,1171,True,,5931,True,3,2,0,1,True,True,0,,
hist-h-prc-establishment,中华人民共和国成立,history,历史,high,11,cn,中国近现代史,data/kp/history/hist-h-prc-establishment.json,2,2,1115,True,,5537,True,3,2,0,1,True,True,0,,
hist-h-pre-qin,先秦（夏商周·春秋战国）,history,历史,high,10,cn,中国古代史,data/kp/history/hist-h-pre-qin.json,3,3,970,True,,5870,True,3,2,0,1,True,True,0,,
hist-h-qin-han-empire,秦汉帝国,history,历史,high,10,cn,中国古代史,data/kp/history/hist-h-qin-han-empire.json,2,2,997,True,,5863,True,3,2,0,1,True,True,0,,
hist-h-reform-comparison,中外改革比较,history,历史,high,12,cn,专题史（选择性必修）,data/kp/history/hist-h-reform-comparison.json,2,2,2527,True,,5537,True,3,2,0,1,True,True,0,,
hist-h-reform-opening,改革开放,history,历史,high,11,cn,中国近现代史,data/kp/history/hist-h-reform-opening.json,2,2,1048,True,,5537,True,3,2,0,1,True,True,0,,
hist-h-reform-revolution-h,戊戌变法与辛亥革命,history,历史,high,10,cn,中国近现代史,data/kp/history/hist-h-reform-revolution-h.json,2,2,1121,True,,5537,True,3,2,0,1,True,True,0,,
hist-h-science-technology-h,科技史,history,历史,high,12,cn,专题史（选择性必修）,data/kp/history/hist-h-science-technology-h.json,3,3,991,True,,5931,True,3,2,0,1,True,True,0,,
hist-h-semi-colonial,半殖民地半封建社会的形成,history,历史,high,10,cn,中国近现代史,data/kp/history/hist-h-semi-colonial.json,2,2,1135,True,,5537,True,3,2,0,1,True,True,0,,
hist-h-song-yuan-ming-qing-h,宋元明清,history,历史,high,10,cn,中国古代史,data/kp/history/hist-h-song-yuan-ming-qing-h.json,2,2,1167,True,,5954,True,3,2,0,1,True,True,0,,
hist-h-two-world-wars,两次世界大战,history,历史,high,12,cn,世界近现代史,data/kp/history/hist-h-two-world-wars.json,3,3,1088,True,,7178,True,3,2,0,1,True,True,0,,
hist-h-wei-jin-tang,三国两晋南北朝与隋唐,history,历史,high,10,cn,中国古代史,data/kp/history/hist-h-wei-jin-tang.json,2,2,1096,True,,5756,True,3,2,0,1,True,True,0,,
hist-h-xinhai-modern,辛亥革命与民国建立,history,历史,high,10,cn,中国近现代史,data/kp/history/hist-h-xinhai-modern.json,2,2,981,True,,5537,True,3,2,0,1,True,True,0,,
hist-m-american-revolution,美国独立战争,history,历史,middle,9,cn,世界近现代史,data/kp/history/hist-m-american-revolution.json,3,3,929,True,,5978,True,3,2,0,1,True,True,0,,
hist-m-ancient-civilizations,古代亚非文明（古埃及/古巴比伦/古印度）,history,历史,middle,9,cn,世界古代史,data/kp/history/hist-m-ancient-civilizations.json,3,3,1106,True,,5978,True,3,2,0,1,True,True,0,,
hist-m-ancient-culture,中国古代文化成就,history,历史,middle,7,cn,中国古代史,data/kp/history/hist-m-ancient-culture.json,4,4,1053,True,,5934,True,3,2,0,1,True,True,0,,
hist-m-anti-japan-war,抗日战争,history,历史,middle,8,cn,中国近代史,data/kp/history/hist-m-anti-japan-war.json,3,3,1168,True,,5517,True,3,2,0,1,True,True,0,,
hist-m-china-reform-opening,改革开放与中国特色社会主义,history,历史,middle,8,cn,中国近代史,data/kp/history/hist-m-china-reform-opening.json,2,2,938,True,社区上传补充节点,5517,True,3,2,0,1,True,True,0,,
hist-m-cold-war,冷战格局,history,历史,middle,9,cn,世界近现代史,data/kp/history/hist-m-cold-war.json,3,3,962,True,,6102,True,3,2,0,1,True,True,0,,
hist-m-cpc-founding,中国共产党的诞生,history,历史,middle,8,cn,中国近代史,data/kp/history/hist-m-cpc-founding.json,3,3,1143,True,,5517,True,3,2,0,1,True,True,0,,
hist-m-decolonization,亚非拉民族解放运动,history,历史,middle,9,cn,世界近现代史,data/kp/history/hist-m-decolonization.json,2,2,907,True,社区上传补充节点,5978,True,3,2,0,1,True,True,0,,
hist-m-early-civilizations,早期国家的形成,history,历史,middle,7,cn,中国古代史,data/kp/history/hist-m-early-civilizations.json,4,4,1268,True,,5786,True,3,2,0,1,True,True,0,,
hist-m-english-revolution,英国资产阶级革命,history,历史,middle,9,cn,世界近现代史,data/kp/history/hist-m-english-revolution.json,2,2,965,True,,5978,True,3,2,0,1,True,True,0,,
hist-m-french-revolution,法国大革命,history,历史,middle,9,cn,世界近现代史,data/kp/history/hist-m-french-revolution.json,2,2,920,True,,5978,True,3,2,0,1,True,True,0,,
hist-m-globalization,全球化与多极化,history,历史,middle,9,cn,世界近现代史,data/kp/history/hist-m-globalization.json,2,2,1148,True,,7611,True,3,2,0,1,True,True,0,,
hist-m-greece-rome,古希腊与古罗马文明,history,历史,middle,9,cn,世界古代史,data/kp/history/hist-m-greece-rome.json,2,2,945,True,,7605,True,3,2,0,1,True,True,0,,
hist-m-imperial-unification,秦汉统一多民族国家,history,历史,middle,7,cn,中国古代史,data/kp/history/hist-m-imperial-unification.json,3,3,1118,True,,5843,True,3,2,0,1,True,True,0,,
hist-m-industrial-revolution,工业革命,history,历史,middle,9,cn,世界近现代史,data/kp/history/hist-m-industrial-revolution.json,2,2,912,True,,7739,True,3,2,0,1,True,True,0,,
hist-m-industrial-revolution-modernization,工业革命与近代化,history,历史,middle,9,cn,世界近现代史,data/kp/history/hist-m-industrial-revolution-modernization.json,3,3,983,True,,7739,True,3,2,0,1,True,True,0,,
hist-m-liberation-war,解放战争,history,历史,middle,8,cn,中国近代史,data/kp/history/hist-m-liberation-war.json,3,3,1001,True,,5517,True,3,2,0,1,True,True,0,,
hist-m-may-fourth-movement,五四运动,history,历史,middle,8,cn,中国近代史,data/kp/history/hist-m-may-fourth-movement.json,3,3,1155,True,,5517,True,3,2,0,1,True,True,0,,
hist-m-medieval-europe,中世纪欧洲,history,历史,middle,9,cn,世界古代史,data/kp/history/hist-m-medieval-europe.json,2,2,948,True,,5978,True,3,2,0,1,True,True,0,,
hist-m-ming-qing-decline,明清衰落与闭关锁国,history,历史,middle,7,cn,中国古代史,data/kp/history/hist-m-ming-qing-decline.json,3,3,1333,True,,5974,True,3,2,0,1,True,True,0,,
hist-m-ming-qing-economy,明清经济发展与对外关系,history,历史,middle,7,cn,中国古代史,data/kp/history/hist-m-ming-qing-economy.json,2,2,922,True,社区上传补充节点,5786,True,3,2,0,1,True,True,0,,
hist-m-modern-china-development,新中国成立与发展,history,历史,middle,8,cn,中国近代史,data/kp/history/hist-m-modern-china-development.json,2,2,1024,True,,5517,True,3,2,0,1,True,True,0,,
hist-m-modern-world-formation,资本主义制度初步确立,history,历史,middle,9,cn,世界近现代史,data/kp/history/hist-m-modern-world-formation.json,3,3,987,True,,5978,True,3,2,0,1,True,True,0,,
hist-m-mongol-empire,蒙古崛起与元朝统一,history,历史,middle,7,cn,中国古代史,data/kp/history/hist-m-mongol-empire.json,2,2,906,True,社区上传补充节点,5786,True,3,2,0,1,True,True,0,,
hist-m-new-democratic-revolution,新民主主义革命,history,历史,middle,8,cn,中国近代史,data/kp/history/hist-m-new-democratic-revolution.json,2,2,1075,True,第1-5单元,5517,True,3,2,0,1,True,True,0,,
hist-m-northern-expedition,北伐战争与南京国民政府,history,历史,middle,8,cn,中国近代史,data/kp/history/hist-m-northern-expedition.json,3,3,1101,True,,5517,True,3,2,0,1,True,True,0,,
hist-m-opium-war,鸦片战争,history,历史,middle,8,cn,中国近代史,data/kp/history/hist-m-opium-war.json,2,2,884,True,,5517,True,3,2,0,1,True,True,0,,
hist-m-opium-war-era,鸦片战争后的中国,history,历史,middle,8,cn,中国近代史,data/kp/history/hist-m-opium-war-era.json,3,3,1069,True,,5517,True,3,2,0,1,True,True,0,,
hist-m-prehistoric,史前时期（元谋人/北京人/半坡/河姆渡）,history,历史,middle,7,cn,中国古代史,data/kp/history/hist-m-prehistoric.json,3,3,1139,True,,5786,True,3,2,0,1,True,True,0,,
hist-m-qin-han-unification,秦汉大一统,history,历史,middle,7,cn,中国古代史,data/kp/history/hist-m-qin-han-unification.json,3,3,1090,True,第3单元,5843,True,3,2,0,1,True,True,0,,
hist-m-reform-1898,戊戌变法,history,历史,middle,8,cn,中国近代史,data/kp/history/hist-m-reform-1898.json,2,2,989,True,,5517,True,3,2,0,1,True,True,0,,
hist-m-reform-revolution,改革与革命,history,历史,middle,8,cn,中国近代史,data/kp/history/hist-m-reform-revolution.json,3,3,1165,True,,5517,True,3,2,0,1,True,True,0,,
hist-m-renaissance,文艺复兴与宗教改革,history,历史,middle,9,cn,世界近现代史,data/kp/history/hist-m-renaissance.json,2,2,1258,True,,7375,True,3,2,0,1,True,True,0,,
hist-m-russian-revolution,俄国十月革命,history,历史,middle,9,cn,世界近现代史,data/kp/history/hist-m-russian-revolution.json,2,2,1155,True,,5978,True,3,2,0,1,True,True,0,,
hist-m-scientific-revolution,欧洲科学革命与启蒙运动,history,历史,middle,9,cn,世界近现代史,data/kp/history/hist-m-scientific-revolution.json,2,2,923,True,社区上传补充节点,5978,True,3,2,0,1,True,True,0,,
hist-m-silk-road,丝绸之路与东西方交流,history,历史,middle,7,cn,中国古代史,data/kp/history/hist-m-silk-road.json,2,2,914,True,社区上传补充节点,5786,True,3,2,0,1,True,True,0,,
hist-m-song-technology,宋代科技与社会生活,history,历史,middle,7,cn,中国古代史,data/kp/history/hist-m-song-technology.json,2,2,906,True,社区上传补充节点,5786,True,3,2,0,1,True,True,0,,
hist-m-song-yuan-ming-qing,宋元明清,history,历史,middle,7,cn,中国古代史,data/kp/history/hist-m-song-yuan-ming-qing.json,4,4,1184,True,,5934,True,3,2,0,1,True,True,0,,
hist-m-spring-autumn-warring,春秋战国,history,历史,middle,7,cn,中国古代史,data/kp/history/hist-m-spring-autumn-warring.json,3,3,1205,True,,5517,True,3,2,0,1,True,True,0,,
hist-m-sui-tang-ruling,隋唐制度与盛世,history,历史,middle,7,cn,中国古代史,data/kp/history/hist-m-sui-tang-ruling.json,2,2,890,True,社区上传补充节点,5786,True,3,2,0,1,True,True,0,,
hist-m-taiping-westernization,太平天国运动与洋务运动,history,历史,middle,8,cn,中国近代史,data/kp/history/hist-m-taiping-westernization.json,2,2,1029,True,,5517,True,3,2,0,1,True,True,0,,
hist-m-tang-song-prosperity,唐宋繁荣,history,历史,middle,7,cn,中国古代史,data/kp/history/hist-m-tang-song-prosperity.json,4,4,1443,True,,5784,True,3,2,0,1,True,True,0,,
hist-m-three-kingdoms-sui-tang,三国两晋南北朝与隋唐,history,历史,middle,7,cn,中国古代史,data/kp/history/hist-m-three-kingdoms-sui-tang.json,4,4,1340,True,,5736,True,3,2,0,1,True,True,0,,
hist-m-united-nations,联合国与战后国际秩序,history,历史,middle,9,cn,世界近现代史,data/kp/history/hist-m-united-nations.json,2,2,915,True,社区上传补充节点,5978,True,3,2,0,1,True,True,0,,
hist-m-world-wars-cold-war,两次世界大战与冷战,history,历史,middle,9,cn,世界近现代史,data/kp/history/hist-m-world-wars-cold-war.json,3,3,1048,True,第3-5单元,7146,True,3,2,0,1,True,True,0,,
hist-m-ww1,第一次世界大战,history,历史,middle,9,cn,世界近现代史,data/kp/history/hist-m-ww1.json,2,2,1163,True,,5978,True,3,2,0,1,True,True,0,,
hist-m-ww2,第二次世界大战,history,历史,middle,9,cn,世界近现代史,data/kp/history/hist-m-ww2.json,4,4,1155,True,,5978,True,3,2,0,1,True,True,0,,
hist-m-ww2-asia-pacific,第二次世界大战（亚太战场）,history,历史,middle,9,cn,世界近现代史,data/kp/history/hist-m-ww2-asia-pacific.json,2,2,939,True,社区上传补充节点,5978,True,3,2,0,1,True,True,0,,
hist-m-xia-shang-zhou,夏商西周,history,历史,middle,7,cn,中国古代史,data/kp/history/hist-m-xia-shang-zhou.json,4,4,1226,True,,5850,True,3,2,0,1,True,True,0,,
hist-m-xinhai-revolution,辛亥革命,history,历史,middle,8,cn,中国近代史,data/kp/history/hist-m-xinhai-revolution.json,3,3,949,True,,5517,True,3,2,0,1,True,True,0,,
it-h-algorithm-concept,算法概念与复杂度,info-tech,信息科技,high,10,cn,算法,data/kp/info-tech/it-h-algorithm-concept.json,3,3,1047,True,,724,True,3,2,0,1,True,True,0,,
it-h-control-structures,程序控制结构（顺序/分支/循环）,info-tech,信息科技,high,10,cn,程序设计与数据结构,data/kp/info-tech/it-h-control-structures.json,2,2,1071,True,,678,True,3,2,0,1,True,True,0,,
it-h-data-structures,数据结构（列表/栈/队列/树/图）,info-tech,信息科技,high,10,cn,程序设计与数据结构,data/kp/info-tech/it-h-data-structures.json,3,3,1126,True,,724,True,3,2,0,1,True,True,0,,
it-h-functions-modules,函数与模块化,info-tech,信息科技,high,10,cn,程序设计与数据结构,data/kp/info-tech/it-h-functions-modules.json,3,3,1016,True,,729,True,3,2,0,1,True,True,0,,
it-h-information-security,信息安全与隐私保护,info-tech,信息科技,high,10,cn,网络与信息安全,data/kp/info-tech/it-h-information-security.json,3,3,1073,True,,722,True,3,2,0,1,True,True,0,,
it-h-internet-applications,互联网应用（HTTP/Web/邮件）,info-tech,信息科技,high,10,cn,网络与信息安全,data/kp/info-tech/it-h-internet-applications.json,3,3,1296,True,,786,True,3,2,0,1,True,True,0,,
it-h-network-basics,计算机网络基础（TCP/IP）,info-tech,信息科技,high,10,cn,网络与信息安全,data/kp/info-tech/it-h-network-basics.json,2,2,1196,True,,711,True,3,2,0,1,True,True,0,,
it-h-programming-basics,程序设计基础（变量/数据类型）,info-tech,信息科技,high,10,cn,程序设计与数据结构,data/kp/info-tech/it-h-programming-basics.json,3,3,1110,True,,724,True,3,2,0,1,True,True,0,,
it-h-recursion,递归与分治,info-tech,信息科技,high,11,cn,算法,data/kp/info-tech/it-h-recursion.json,3,3,1023,True,,724,True,3,2,0,1,True,True,0,,
it-h-sorting-searching,排序与查找算法,info-tech,信息科技,high,10,cn,算法,data/kp/info-tech/it-h-sorting-searching.json,3,3,1039,True,,724,True,3,2,0,1,True,True,0,,
math-e-addition-subtraction-within-100,100以内加减法,math,数学,elementary,2,cn,数与代数,data/kp/math/math-e-addition-subtraction-within-100.json,3,3,1027,True,一下第6单元/二上第2单元,5808,True,3,2,0,1,True,True,0,,
math-e-addition-subtraction-within-20,20以内加减法,math,数学,elementary,1,cn,数与代数,data/kp/math/math-e-addition-subtraction-within-20.json,3,3,1204,True,第5-8单元,5766,True,3,2,0,1,True,True,0,,
math-e-angle-concept,角的认识与度量,math,数学,elementary,2,cn,图形与几何,data/kp/math/math-e-angle-concept.json,2,2,1061,True,二上第3单元/四上第3单元,5738,True,3,2,0,1,True,True,0,,
math-e-area-calculation,多种平面图形面积,math,数学,elementary,4,cn,图形与几何,data/kp/math/math-e-area-calculation.json,3,3,1076,True,,5257,True,3,2,0,1,True,True,0,,
math-e-area-rectangle,面积（长方形、正方形）,math,数学,elementary,3,cn,图形与几何,data/kp/math/math-e-area-rectangle.json,2,2,1079,True,第5单元,5265,True,3,2,0,1,True,True,0,,
math-e-area-units,面积单位与换算,math,数学,elementary,3,cn,图形与几何,data/kp/math/math-e-area-units.json,2,2,1095,True,,5257,True,3,2,0,1,True,True,0,,
math-e-average-concept,平均数概念,math,数学,elementary,4,cn,统计与概率,data/kp/math/math-e-average-concept.json,2,2,1093,True,,5683,True,3,2,0,1,True,True,0,,
math-e-average-median,平均数与中位数,math,数学,elementary,5,cn,统计与概率,data/kp/math/math-e-average-median.json,2,2,1109,True,,5804,True,3,2,0,1,True,True,0,,
math-e-circle-area,圆的认识与面积,math,数学,elementary,6,cn,图形与几何,data/kp/math/math-e-circle-area.json,3,3,1074,True,,5764,True,3,2,0,1,True,True,0,,
math-e-circle-perimeter-area,圆的周长和面积,math,数学,elementary,6,cn,图形与几何,data/kp/math/math-e-circle-perimeter-area.json,3,3,1074,True,第5单元,5529,True,3,2,0,1,True,True,0,,
math-e-complex-word-problems,综合复合应用问题,math,数学,elementary,6,cn,综合与实践,data/kp/math/math-e-complex-word-problems.json,3,3,1229,True,,5723,True,3,2,0,1,True,True,0,,
math-e-cylinder-cone,圆柱与圆锥,math,数学,elementary,6,cn,图形与几何,data/kp/math/math-e-cylinder-cone.json,3,3,1135,True,,5131,True,3,2,0,1,True,True,0,,
math-e-decimal-operations,小数四则运算,math,数学,elementary,5,cn,数与代数,data/kp/math/math-e-decimal-operations.json,3,3,1083,True,四下第5单元/五上第1单元,5222,True,3,2,0,1,True,True,0,,
math-e-decimals-intro,小数的初步认识,math,数学,elementary,3,cn,数与代数,data/kp/math/math-e-decimals-intro.json,3,3,1153,True,,5222,True,3,2,0,1,True,True,0,,
math-e-decimals-meaning,小数的意义和性质,math,数学,elementary,4,cn,数与代数,data/kp/math/math-e-decimals-meaning.json,3,3,1161,True,,5222,True,3,2,0,1,True,True,0,,
math-e-division-concept,除法的认识,math,数学,elementary,2,cn,数与代数,data/kp/math/math-e-division-concept.json,3,3,1006,True,第2、4单元,5761,True,3,2,0,1,True,True,0,,
math-e-division-intro,表内除法,math,数学,elementary,2,cn,数与代数,data/kp/math/math-e-division-intro.json,3,3,990,True,,5398,True,3,2,0,1,True,True,0,,
math-e-four-operations-laws,四则运算及运算律,math,数学,elementary,4,cn,数与代数,data/kp/math/math-e-four-operations-laws.json,4,4,1249,True,,5801,True,3,2,0,1,True,True,0,,
math-e-fraction-decimal-percent,分数、小数、百分数互化,math,数学,elementary,6,cn,数与代数,data/kp/math/math-e-fraction-decimal-percent.json,3,3,1282,True,,5433,True,3,2,0,1,True,True,0,,
math-e-fraction-operations,分数四则运算,math,数学,elementary,5,cn,数与代数,data/kp/math/math-e-fraction-operations.json,3,3,1083,True,五下第6单元/六上第1-3单元,5356,True,3,2,0,1,True,True,0,,
math-e-fractions-intro,分数的初步认识,math,数学,elementary,3,cn,数与代数,data/kp/math/math-e-fractions-intro.json,3,3,1125,True,,5356,True,3,2,0,1,True,True,0,,
math-e-fractions-meaning,分数的意义和性质,math,数学,elementary,5,cn,数与代数,data/kp/math/math-e-fractions-meaning.json,3,3,1152,True,,5356,True,3,2,0,1,True,True,0,,
math-e-large-numbers,大数的认识（亿以内）,math,数学,elementary,4,cn,数与代数,data/kp/math/math-e-large-numbers.json,3,3,1166,True,,5770,True,3,2,0,1,True,True,0,,
math-e-length-units,长度单位（厘米/米/千米）,math,数学,elementary,2,cn,图形与几何,data/kp/math/math-e-length-units.json,3,3,1139,True,,5126,True,3,2,0,1,True,True,0,,
math-e-letter-representation,用字母表示数,math,数学,elementary,5,cn,数与代数,data/kp/math/math-e-letter-representation.json,4,4,1288,True,四下第3单元/五上第1单元,5408,True,3,2,0,1,True,True,0,,
math-e-line-graph,条形统计图与折线统计图,math,数学,elementary,4,cn,统计与概率,data/kp/math/math-e-line-graph.json,2,2,1075,True,,5753,True,3,2,0,1,True,True,0,,
math-e-mass-units,质量单位（克/千克/吨）,math,数学,elementary,3,cn,图形与几何,data/kp/math/math-e-mass-units.json,2,2,1243,True,,5450,True,3,2,0,1,True,True,0,,
math-e-measurement-sense,量感培养（跨学段）,math,数学,elementary,1-6,cn,图形与几何,data/kp/math/math-e-measurement-sense.json,4,4,1100,True,,5814,True,3,2,0,1,True,True,0,,
math-e-median-mode,中位数与众数,math,数学,elementary,5,cn,统计与概率,data/kp/math/math-e-median-mode.json,2,2,1077,True,五下第7单元/六上第4单元,5733,True,3,2,0,1,True,True,0,,
math-e-mixed-operations,四则混合运算,math,数学,elementary,3,cn,数与代数,data/kp/math/math-e-mixed-operations.json,3,3,1093,True,二下第5单元/四上第2单元,5635,True,3,2,0,1,True,True,0,,
math-e-multi-digit-addition-subtraction,万以内加减法,math,数学,elementary,3,cn,数与代数,data/kp/math/math-e-multi-digit-addition-subtraction.json,3,3,1108,True,,5757,True,3,2,0,1,True,True,0,,
math-e-multi-digit-division,多位数除法,math,数学,elementary,4,cn,数与代数,data/kp/math/math-e-multi-digit-division.json,3,3,969,True,三下第2单元/四上第5单元,5709,True,3,2,0,1,True,True,0,,
math-e-multi-digit-multiplication,多位数乘法,math,数学,elementary,3,cn,数与代数,data/kp/math/math-e-multi-digit-multiplication.json,3,3,972,True,三上第6单元/四上第4单元,5704,True,3,2,0,1,True,True,0,,
math-e-multiplication-table,表内乘法（九九乘法表）,math,数学,elementary,2,cn,数与代数,data/kp/math/math-e-multiplication-table.json,3,3,1046,True,,5568,True,3,2,0,1,True,True,0,,
math-e-negative-numbers,负数的认识,math,数学,elementary,6,cn,数与代数,data/kp/math/math-e-negative-numbers.json,2,2,1174,True,,5888,True,3,2,0,1,True,True,0,,
math-e-numbers-within-10,10以内数的认识,math,数学,elementary,1,cn,数与代数,data/kp/math/math-e-numbers-within-10.json,3,3,1196,True,第1-3单元,5770,True,3,2,0,1,True,True,0,,
math-e-numbers-within-100,100以内数的认识,math,数学,elementary,1,cn,数与代数,data/kp/math/math-e-numbers-within-100.json,4,4,1257,True,第4单元,5787,True,3,2,0,1,True,True,0,,
math-e-numbers-within-10000,万以内数的认识,math,数学,elementary,2,cn,数与代数,data/kp/math/math-e-numbers-within-10000.json,4,4,1153,True,第5单元,5770,True,3,2,0,1,True,True,0,,
math-e-numbers-within-20,20以内数的认识,math,数学,elementary,1,cn,数与代数,data/kp/math/math-e-numbers-within-20.json,3,3,1316,True,,5810,True,3,2,0,1,True,True,0,,
math-e-operations-laws,运算律与简便运算,math,数学,elementary,4,cn,数与代数,data/kp/math/math-e-operations-laws.json,3,3,1170,True,,5632,True,3,2,0,1,True,True,0,,
math-e-percentage,百分数,math,数学,elementary,6,cn,数与代数,data/kp/math/math-e-percentage.json,3,3,1033,True,第6单元,5765,True,3,2,0,1,True,True,0,,
math-e-percentage-statistics,百分数在统计中的应用,math,数学,elementary,6,cn,统计与概率,data/kp/math/math-e-percentage-statistics.json,2,2,1225,True,,5797,True,3,2,0,1,True,True,0,,
math-e-perimeter,周长（含长方形周长）,math,数学,elementary,3,cn,图形与几何,data/kp/math/math-e-perimeter.json,3,3,1124,True,,4939,True,3,2,0,1,True,True,0,,
math-e-pictograph,象形统计图（数据分类与整理）,math,数学,elementary,2,cn,统计与概率,data/kp/math/math-e-pictograph.json,2,2,1072,True,,5800,True,3,2,0,1,True,True,0,,
math-e-pie-chart,扇形统计图,math,数学,elementary,6,cn,统计与概率,data/kp/math/math-e-pie-chart.json,2,2,1027,True,,5753,True,3,2,0,1,True,True,0,,
math-e-plane-shapes,平面图形的认识,math,数学,elementary,1,cn,图形与几何,data/kp/math/math-e-plane-shapes.json,3,3,1101,True,一下第1单元/二上第5单元,5761,True,3,2,0,1,True,True,0,,
math-e-position-direction,位置与方向,math,数学,elementary,3,cn,图形与几何,data/kp/math/math-e-position-direction.json,3,3,994,True,三下第1单元/六上第2单元,5354,True,3,2,0,1,True,True,0,,
math-e-possibility,用分数表示可能性大小,math,数学,elementary,5,cn,统计与概率,data/kp/math/math-e-possibility.json,2,2,1081,True,,5379,True,3,2,0,1,True,True,0,,
math-e-possibility-concept,随机现象初步（可能性）,math,数学,elementary,4,cn,统计与概率,data/kp/math/math-e-possibility-concept.json,2,2,1089,True,,5769,True,3,2,0,1,True,True,0,,
math-e-ratio-proportion,比和比例,math,数学,elementary,6,cn,数与代数,data/kp/math/math-e-ratio-proportion.json,3,3,1038,True,第4单元,4813,True,3,2,0,1,True,True,0,,
math-e-simple-equation,简易方程,math,数学,elementary,5,cn,数与代数,data/kp/math/math-e-simple-equation.json,3,3,1088,True,,5610,True,3,2,0,1,True,True,0,,
math-e-solid-shapes,立体图形的认识,math,数学,elementary,1,cn,图形与几何,data/kp/math/math-e-solid-shapes.json,3,3,1151,True,第4单元,5773,True,3,2,0,1,True,True,0,,
math-e-solid-surface-area,长方体和正方体的表面积,math,数学,elementary,5,cn,图形与几何,data/kp/math/math-e-solid-surface-area.json,3,3,1174,True,第3单元,5651,True,3,2,0,1,True,True,0,,
math-e-symmetry-translation-rotation,轴对称、平移与旋转,math,数学,elementary,3,cn,图形与几何,data/kp/math/math-e-symmetry-translation-rotation.json,3,3,1032,True,,5336,True,3,2,0,1,True,True,0,,
math-e-time-units,时间单位（时/分/秒）,math,数学,elementary,2,cn,图形与几何,data/kp/math/math-e-time-units.json,2,2,1139,True,,5322,True,3,2,0,1,True,True,0,,
math-e-triangle-properties,三角形的特性,math,数学,elementary,4,cn,图形与几何,data/kp/math/math-e-triangle-properties.json,2,2,1014,True,第5单元,5744,True,3,2,0,1,True,True,0,,
math-e-triangles-quadrilaterals,三角形与四边形分类,math,数学,elementary,4,cn,图形与几何,data/kp/math/math-e-triangles-quadrilaterals.json,3,3,1078,True,,5744,True,3,2,0,1,True,True,0,,
math-e-volume-calculation,体积计算,math,数学,elementary,5,cn,图形与几何,data/kp/math/math-e-volume-calculation.json,3,3,1118,True,,5576,True,3,2,0,1,True,True,0,,
math-e-volume-units,体积与容积单位,math,数学,elementary,5,cn,图形与几何,data/kp/math/math-e-volume-units.json,3,3,1133,True,,5576,True,3,2,0,1,True,True,0,,
math-e-word-problems-basic,简单加减法应用题,math,数学,elementary,1,cn,综合与实践,data/kp/math/math-e-word-problems-basic.json,3,3,1123,True,,4673,True,3,2,0,1,True,True,0,,
math-e-word-problems-multiply,乘除法两步应用题,math,数学,elementary,3,cn,综合与实践,data/kp/math/math-e-word-problems-multiply.json,4,4,1176,True,,5917,True,3,2,0,1,True,True,0,,
math-h-analytic-geometry,解析几何综合,math,数学,high,11,cn,解析几何,data/kp/math/math-h-analytic-geometry.json,3,3,1161,True,,4311,True,3,2,0,1,True,True,0,,
math-h-arithmetic-sequence,等差数列,math,数学,high,10,cn,数列,data/kp/math/math-h-arithmetic-sequence.json,3,3,993,True,,5785,True,3,2,0,1,True,True,0,,
math-h-basic-inequality,基本不等式,math,数学,high,10,cn,预备知识（集合·逻辑·不等式）,data/kp/math/math-h-basic-inequality.json,2,2,1082,True,,5626,True,3,2,0,1,True,True,0,,
math-h-binomial-theorem,二项式定理,math,数学,high,11,cn,概率与统计,data/kp/math/math-h-binomial-theorem.json,2,2,1084,True,,5764,True,3,2,0,1,True,True,0,,
math-h-circle-equation,圆的方程,math,数学,high,11,cn,解析几何,data/kp/math/math-h-circle-equation.json,2,2,1159,True,,5415,True,3,2,0,1,True,True,0,,
math-h-conic-comprehensive,圆锥曲线综合,math,数学,high,12,cn,解析几何,data/kp/math/math-h-conic-comprehensive.json,2,2,1239,True,,5281,True,3,2,0,1,True,True,0,,
math-h-counting-principles,计数原理（分类/分步）,math,数学,high,11,cn,概率与统计,data/kp/math/math-h-counting-principles.json,3,3,1229,True,,5709,True,3,2,0,1,True,True,0,,
math-h-derivative-application,导数应用（极值/最值）,math,数学,high,12,cn,导数与微积分初步,data/kp/math/math-h-derivative-application.json,2,2,1151,True,,5704,True,3,2,0,1,True,True,0,,
math-h-derivative-concept,导数概念与运算,math,数学,high,12,cn,导数与微积分初步,data/kp/math/math-h-derivative-concept.json,3,3,1278,True,,5704,True,3,2,0,1,True,True,0,,
math-h-dihedral-angle,二面角,math,数学,high,11,cn,立体几何,data/kp/math/math-h-dihedral-angle.json,2,2,1208,True,,5745,True,3,2,0,1,True,True,0,,
math-h-ellipse,椭圆,math,数学,high,11,cn,解析几何,data/kp/math/math-h-ellipse.json,2,2,951,True,,5379,True,3,2,0,1,True,True,0,,
math-h-exponential-function,指数函数,math,数学,high,10,cn,函数,data/kp/math/math-h-exponential-function.json,2,2,987,True,,5848,True,3,2,0,1,True,True,0,,
math-h-function-models,函数模型及其应用,math,数学,high,10,cn,函数,data/kp/math/math-h-function-models.json,3,3,1180,True,,5710,True,3,2,0,1,True,True,0,,
math-h-function-properties,函数性质（单调性/奇偶性）,math,数学,high,10,cn,函数,data/kp/math/math-h-function-properties.json,2,2,1071,True,,5179,True,3,2,0,1,True,True,0,,
math-h-functions-advanced,函数综合性质,math,数学,high,10,cn,函数,data/kp/math/math-h-functions-advanced.json,3,3,1081,True,,5704,True,3,2,0,1,True,True,0,,
math-h-functions-concept,函数概念,math,数学,high,10,cn,函数,data/kp/math/math-h-functions-concept.json,2,2,992,True,,5774,True,3,2,0,1,True,True,0,,
math-h-geometric-sequence,等比数列,math,数学,high,10,cn,数列,data/kp/math/math-h-geometric-sequence.json,2,2,1177,True,,5487,True,3,2,0,1,True,True,0,,
math-h-hyperbola,双曲线,math,数学,high,11,cn,解析几何,data/kp/math/math-h-hyperbola.json,2,2,951,True,,5745,True,3,2,0,1,True,True,0,,
math-h-inequalities,不等式性质,math,数学,high,10,cn,预备知识（集合·逻辑·不等式）,data/kp/math/math-h-inequalities.json,3,3,1071,True,,5626,True,3,2,0,1,True,True,0,,
math-h-law-of-sines-cosines,正弦定理与余弦定理,math,数学,high,10,cn,三角函数,data/kp/math/math-h-law-of-sines-cosines.json,2,2,995,True,,5737,True,3,2,0,1,True,True,0,,
math-h-line-equation,直线方程与位置关系,math,数学,high,11,cn,解析几何,data/kp/math/math-h-line-equation.json,2,2,1115,True,,5617,True,3,2,0,1,True,True,0,,
math-h-linear-programming,线性规划,math,数学,high,10,cn,预备知识（集合·逻辑·不等式）,data/kp/math/math-h-linear-programming.json,2,2,1149,True,,5736,True,3,2,0,1,True,True,0,,
math-h-logarithmic-function,对数函数,math,数学,high,10,cn,函数,data/kp/math/math-h-logarithmic-function.json,3,3,1037,True,,5100,True,3,2,0,1,True,True,0,,
math-h-parabola-h,抛物线,math,数学,high,11,cn,解析几何,data/kp/math/math-h-parabola-h.json,2,2,1124,True,,5589,True,3,2,0,1,True,True,0,,
math-h-parallel-perpendicular,平行与垂直的判定,math,数学,high,11,cn,立体几何,data/kp/math/math-h-parallel-perpendicular.json,2,2,1107,True,,5704,True,3,2,0,1,True,True,0,,
math-h-power-function,幂函数,math,数学,high,10,cn,函数,data/kp/math/math-h-power-function.json,2,2,972,True,,5267,True,3,2,0,1,True,True,0,,
math-h-probability-h,概率,math,数学,high,11,cn,概率与统计,data/kp/math/math-h-probability-h.json,2,2,908,True,,5431,True,3,2,0,1,True,True,0,,
math-h-propositions,常用逻辑用语,math,数学,high,10,cn,预备知识（集合·逻辑·不等式）,data/kp/math/math-h-propositions.json,3,3,1100,True,,5725,True,3,2,0,1,True,True,0,,
math-h-random-variable,随机变量及其分布,math,数学,high,12,cn,概率与统计,data/kp/math/math-h-random-variable.json,2,2,1026,True,,5704,True,3,2,0,1,True,True,0,,
math-h-regression-analysis,统计推断（回归/独立性检验）,math,数学,high,12,cn,概率与统计,data/kp/math/math-h-regression-analysis.json,3,3,1180,True,,5760,True,3,2,0,1,True,True,0,,
math-h-sequence-summation,数列求和,math,数学,high,10,cn,数列,data/kp/math/math-h-sequence-summation.json,2,2,1614,True,,5643,True,3,2,0,1,True,True,0,,
math-h-sets,集合,math,数学,high,10,cn,预备知识（集合·逻辑·不等式）,data/kp/math/math-h-sets.json,4,4,1053,True,,5734,True,3,2,0,1,True,True,0,,
math-h-sets-logic,集合运算,math,数学,high,10,cn,预备知识（集合·逻辑·不等式）,data/kp/math/math-h-sets-logic.json,4,4,1213,True,,5734,True,3,2,0,1,True,True,0,,
math-h-space-figures,空间几何体的结构,math,数学,high,11,cn,立体几何,data/kp/math/math-h-space-figures.json,2,2,1107,True,,5478,True,3,2,0,1,True,True,0,,
math-h-space-lines-planes,空间点线面位置关系,math,数学,high,11,cn,立体几何,data/kp/math/math-h-space-lines-planes.json,2,2,1115,True,,5704,True,3,2,0,1,True,True,0,,
math-h-space-vectors,空间向量及其应用,math,数学,high,11,cn,立体几何,data/kp/math/math-h-space-vectors.json,2,2,1222,True,,5731,True,3,2,0,1,True,True,0,,
math-h-trig-graphs,三角函数图像与性质,math,数学,high,10,cn,三角函数,data/kp/math/math-h-trig-graphs.json,4,4,1107,True,,5054,True,3,2,0,1,True,True,0,,
math-h-trig-identities,三角恒等变换,math,数学,high,10,cn,三角函数,data/kp/math/math-h-trig-identities.json,2,2,1217,True,,5745,True,3,2,0,1,True,True,0,,
math-h-trig-ratios,任意角与三角函数定义,math,数学,high,10,cn,三角函数,data/kp/math/math-h-trig-ratios.json,3,3,1085,True,,5054,True,3,2,0,1,True,True,0,,
math-h-trigonometric-functions,三角函数综合应用,math,数学,high,10,cn,三角函数,data/kp/math/math-h-trigonometric-functions.json,2,2,1017,True,,5054,True,3,2,0,1,True,True,0,,
math-h-trigonometry-solution,解三角形,math,数学,high,11,cn,三角函数,data/kp/math/math-h-trigonometry-solution.json,3,3,1083,True,,5762,True,3,2,0,1,True,True,0,,
math-h-vector-basics,平面向量的概念与运算,math,数学,high,10,cn,向量,data/kp/math/math-h-vector-basics.json,2,2,909,True,,5758,True,3,2,0,1,True,True,0,,
math-h-vector-coordinates,平面向量的坐标运算,math,数学,high,10,cn,向量,data/kp/math/math-h-vector-coordinates.json,3,3,1039,True,,5227,True,3,2,0,1,True,True,0,,
math-m-algebraic-expression,代数式与整式,math,数学,middle,7,cn,数与代数,data/kp/math/math-m-algebraic-expression.json,3,3,1042,True,,5582,True,3,2,0,1,True,True,0,,
math-m-algebraic-expressions,整式加减,math,数学,middle,7,cn,数与代数,data/kp/math/math-m-algebraic-expressions.json,3,3,1121,True,,5532,True,3,2,0,1,True,True,0,,
math-m-arc-sector,弧长与扇形面积,math,数学,middle,9,cn,图形与几何,data/kp/math/math-m-arc-sector.json,2,2,981,True,,5335,True,3,2,0,1,True,True,0,,
math-m-axial-symmetry,轴对称,math,数学,middle,7,cn,图形与几何,data/kp/math/math-m-axial-symmetry.json,2,2,943,True,,5639,True,3,2,0,1,True,True,0,,
math-m-circle-angle,圆周角与圆心角,math,数学,middle,9,cn,图形与几何,data/kp/math/math-m-circle-angle.json,2,2,1162,True,,5763,True,3,2,0,1,True,True,0,,
math-m-circle-basics,圆的基础,math,数学,middle,9,cn,图形与几何,data/kp/math/math-m-circle-basics.json,3,3,1036,True,,5499,True,3,2,0,1,True,True,0,,
math-m-circle-tangent,直线与圆的位置关系,math,数学,middle,9,cn,图形与几何,data/kp/math/math-m-circle-tangent.json,2,2,1488,True,,5131,True,3,2,0,1,True,True,0,,
math-m-coordinate-system,平面直角坐标系,math,数学,middle,7,cn,数与代数,data/kp/math/math-m-coordinate-system.json,3,3,971,True,第11章 一次函数,5903,True,3,2,0,1,True,True,0,,
math-m-data-analysis,数据的分析（均值/中位数/众数/方差）,math,数学,middle,8,cn,统计与概率,data/kp/math/math-m-data-analysis.json,3,3,1166,True,,5859,True,3,2,0,1,True,True,0,,
math-m-data-collection,数据的收集,math,数学,middle,7,cn,统计与概率,data/kp/math/math-m-data-collection.json,3,3,1050,True,,5829,True,3,2,0,1,True,True,0,,
math-m-data-description,数据的描述,math,数学,middle,7,cn,统计与概率,data/kp/math/math-m-data-description.json,3,3,1013,True,,5838,True,3,2,0,1,True,True,0,,
math-m-fraction-equation,分式方程,math,数学,middle,8,cn,数与代数,data/kp/math/math-m-fraction-equation.json,2,2,984,True,,5610,True,3,2,0,1,True,True,0,,
math-m-fraction-expression,分式,math,数学,middle,8,cn,数与代数,data/kp/math/math-m-fraction-expression.json,2,2,1066,True,第15章 分式,5356,True,3,2,0,1,True,True,0,,
math-m-geometric-figure,几何图形初步,math,数学,middle,7,cn,图形与几何,data/kp/math/math-m-geometric-figure.json,4,4,1080,True,,5869,True,3,2,0,1,True,True,0,,
math-m-geometry-circle,圆的综合应用,math,数学,middle,9,cn,图形与几何,data/kp/math/math-m-geometry-circle.json,4,4,1116,True,,5516,True,3,2,0,1,True,True,0,,
math-m-geometry-congruent-triangles,全等三角形,math,数学,middle,8,cn,图形与几何,data/kp/math/math-m-geometry-congruent-triangles.json,3,3,992,True,第12章 全等三角形,5886,True,3,2,0,1,True,True,0,,
math-m-geometry-quadrilaterals,四边形综合,math,数学,middle,8,cn,图形与几何,data/kp/math/math-m-geometry-quadrilaterals.json,4,4,1149,True,,5878,True,3,2,0,1,True,True,0,,
math-m-inequalities,不等式初步,math,数学,middle,7,cn,数与代数,data/kp/math/math-m-inequalities.json,2,2,1336,True,,5681,True,3,2,0,1,True,True,0,,
math-m-inscribed-circumscribed,三角形内切圆与外接圆,math,数学,middle,9,cn,图形与几何,data/kp/math/math-m-inscribed-circumscribed.json,2,2,1093,True,,5468,True,3,2,0,1,True,True,0,,
math-m-inverse-proportion,反比例函数,math,数学,middle,9,cn,数与代数,data/kp/math/math-m-inverse-proportion.json,4,4,1111,True,第26章 反比例函数,5316,True,3,2,0,1,True,True,0,,
math-m-isosceles-triangle,等腰三角形与等边三角形,math,数学,middle,8,cn,图形与几何,data/kp/math/math-m-isosceles-triangle.json,3,3,1180,True,,5888,True,3,2,0,1,True,True,0,,
math-m-line-angle,相交线与平行线,math,数学,middle,7,cn,图形与几何,data/kp/math/math-m-line-angle.json,4,4,1187,True,,5855,True,3,2,0,1,True,True,0,,
math-m-linear-equation-one,一元一次方程,math,数学,middle,7,cn,数与代数,data/kp/math/math-m-linear-equation-one.json,3,3,1030,True,,5868,True,3,2,0,1,True,True,0,,
math-m-linear-equation-system-graph,一次函数与二元一次方程组,math,数学,middle,8,cn,数与代数,data/kp/math/math-m-linear-equation-system-graph.json,3,2,1034,True,,5512,True,3,2,0,1,True,True,0,,
math-m-linear-equation-two,二元一次方程组,math,数学,middle,8,cn,数与代数,data/kp/math/math-m-linear-equation-two.json,3,3,987,True,,5663,True,3,2,0,1,True,True,0,,
math-m-linear-equations,一元一次方程应用,math,数学,middle,7,cn,数与代数,data/kp/math/math-m-linear-equations.json,4,4,1078,True,,5710,True,3,2,0,1,True,True,0,,
math-m-linear-function,一次函数,math,数学,middle,8,cn,数与代数,data/kp/math/math-m-linear-function.json,3,3,1187,True,第11章 一次函数,5956,True,3,2,0,1,True,True,0,,
math-m-linear-inequality,一元一次不等式,math,数学,middle,8,cn,数与代数,data/kp/math/math-m-linear-inequality.json,3,3,1120,True,,5760,True,3,2,0,1,True,True,0,,
math-m-monomial-multiplication,整式乘除与因式分解,math,数学,middle,8,cn,数与代数,data/kp/math/math-m-monomial-multiplication.json,3,3,1161,True,,5569,True,3,2,0,1,True,True,0,,
math-m-probability-basic,概率初步,math,数学,middle,9,cn,统计与概率,data/kp/math/math-m-probability-basic.json,3,3,1043,True,,5533,True,3,2,0,1,True,True,0,,
math-m-probability-frequency,频率与概率,math,数学,middle,9,cn,统计与概率,data/kp/math/math-m-probability-frequency.json,2,2,913,True,,5424,True,3,2,0,1,True,True,0,,
math-m-proportional-function,正比例函数,math,数学,middle,8,cn,数与代数,data/kp/math/math-m-proportional-function.json,2,2,1191,True,第11章 一次函数,4888,True,3,2,0,1,True,True,0,,
math-m-pythagorean-theorem,勾股定理,math,数学,middle,8,cn,图形与几何,data/kp/math/math-m-pythagorean-theorem.json,2,2,967,True,第17章 勾股定理,5872,True,3,2,0,1,True,True,0,,
math-m-quadratic-equation,一元二次方程,math,数学,middle,9,cn,数与代数,data/kp/math/math-m-quadratic-equation.json,4,4,1106,True,第21章 一元二次方程,5848,True,3,2,0,1,True,True,0,,
math-m-quadratic-function,二次函数,math,数学,middle,9,cn,数与代数,data/kp/math/math-m-quadratic-function.json,4,4,1280,True,第22章 二次函数,5967,True,3,2,0,1,True,True,0,,
math-m-quadratic-radical,二次根式,math,数学,middle,8,cn,数与代数,data/kp/math/math-m-quadratic-radical.json,2,2,1084,True,第16章 二次根式,5732,True,3,2,0,1,True,True,0,,
math-m-quadrilateral,多边形与四边形,math,数学,middle,8,cn,图形与几何,data/kp/math/math-m-quadrilateral.json,3,3,1121,True,,5686,True,3,2,0,1,True,True,0,,
math-m-rational-number,有理数,math,数学,middle,7,cn,数与代数,data/kp/math/math-m-rational-number.json,4,4,1098,True,第1章 有理数,5930,True,3,2,0,1,True,True,0,,
math-m-rational-operations,有理数运算,math,数学,middle,7,cn,数与代数,data/kp/math/math-m-rational-operations.json,3,3,1123,True,,5814,True,3,2,0,1,True,True,0,,
math-m-real-number,实数与数轴,math,数学,middle,7,cn,数与代数,data/kp/math/math-m-real-number.json,3,3,1066,True,,5539,True,3,2,0,1,True,True,0,,
math-m-rotation,旋转,math,数学,middle,9,cn,图形与几何,data/kp/math/math-m-rotation.json,2,2,935,True,,5805,True,3,2,0,1,True,True,0,,
math-m-ruler-compass-construction,尺规作图,math,数学,middle,7,cn,图形与几何,data/kp/math/math-m-ruler-compass-construction.json,2,2,1125,True,第5章/第12章,5855,True,3,2,0,1,True,True,0,,
math-m-sampling-estimation,抽样与估计,math,数学,middle,8,cn,统计与概率,data/kp/math/math-m-sampling-estimation.json,2,2,954,True,,5773,True,3,2,0,1,True,True,0,,
math-m-similar-triangles,相似三角形,math,数学,middle,9,cn,图形与几何,data/kp/math/math-m-similar-triangles.json,4,4,1162,True,第27章 相似,5955,True,3,2,0,1,True,True,0,,
math-m-special-quadrilateral,特殊四边形,math,数学,middle,8,cn,图形与几何,data/kp/math/math-m-special-quadrilateral.json,4,4,1172,True,,5898,True,3,2,0,1,True,True,0,,
math-m-statistics-probability-junior,统计与概率综合,math,数学,middle,9,cn,统计与概率,data/kp/math/math-m-statistics-probability-junior.json,4,4,1235,True,,5645,True,3,2,0,1,True,True,0,,
math-m-translation-dilation,平移与位似,math,数学,middle,9,cn,图形与几何,data/kp/math/math-m-translation-dilation.json,2,2,958,True,,5748,True,3,2,0,1,True,True,0,,
math-m-triangle-basics,三角形基础,math,数学,middle,7,cn,图形与几何,data/kp/math/math-m-triangle-basics.json,4,4,1106,True,,5874,True,3,2,0,1,True,True,0,,
math-m-trig-ratio,锐角三角函数,math,数学,middle,9,cn,图形与几何,data/kp/math/math-m-trig-ratio.json,4,4,1216,True,,5764,True,3,2,0,1,True,True,0,,
math-m-variable-and-function,变量与函数,math,数学,middle,8,cn,数与代数,data/kp/math/math-m-variable-and-function.json,4,4,1173,True,第11章 一次函数,5899,True,3,2,0,1,True,True,0,,
phy-h-alternating-current,交变电流,physics,物理,high,12,cn,电磁场与电磁感应,data/kp/physics/phy-h-alternating-current.json,3,3,1303,True,选择性必修二 第5章,5041,True,3,2,0,1,True,True,0,,
phy-h-atomic-models,原子结构（汤姆孙/卢瑟福/玻尔）,physics,物理,high,12,cn,近代物理,data/kp/physics/phy-h-atomic-models.json,3,3,1048,True,,5347,True,3,2,0,1,True,True,0,,
phy-h-atomic-structure-h,原子能级,physics,物理,high,12,cn,近代物理,data/kp/physics/phy-h-atomic-structure-h.json,3,3,952,True,,5502,True,3,2,0,1,True,True,0,,
phy-h-capacitor,电容器,physics,物理,high,11,cn,静电场,data/kp/physics/phy-h-capacitor.json,2,2,1190,True,,5574,True,3,2,0,1,True,True,0,,
phy-h-circuit-analysis,闭合电路与电路分析,physics,物理,high,11,cn,直流电路,data/kp/physics/phy-h-circuit-analysis.json,3,3,1340,True,,5707,True,3,2,0,1,True,True,0,,
phy-h-circular-motion,圆周运动,physics,物理,high,10,cn,运动学,data/kp/physics/phy-h-circular-motion.json,3,3,1016,True,,5532,True,3,2,0,1,True,True,0,,
phy-h-collision-types,碰撞与反冲,physics,物理,high,11,cn,动量,data/kp/physics/phy-h-collision-types.json,3,3,1043,True,,5703,True,3,2,0,1,True,True,0,,
phy-h-common-forces,常见的力,physics,物理,high,10,cn,相互作用与牛顿定律,data/kp/physics/phy-h-common-forces.json,2,2,1053,True,,5718,True,3,2,0,1,True,True,0,,
phy-h-coulomb-law,库仑定律,physics,物理,high,11,cn,静电场,data/kp/physics/phy-h-coulomb-law.json,2,2,1198,True,,5703,True,3,2,0,1,True,True,0,,
phy-h-dc-circuits,恒定电流与欧姆定律,physics,物理,high,11,cn,直流电路,data/kp/physics/phy-h-dc-circuits.json,3,3,1013,True,,5801,True,3,2,0,1,True,True,0,,
phy-h-electric-field,电场与电场强度,physics,物理,high,11,cn,静电场,data/kp/physics/phy-h-electric-field.json,2,2,1187,True,,5014,True,3,2,0,1,True,True,0,,
phy-h-electric-potential,电势与电势能,physics,物理,high,11,cn,静电场,data/kp/physics/phy-h-electric-potential.json,2,2,1231,True,,5798,True,3,2,0,1,True,True,0,,
phy-h-electrical-experiments,电学实验,physics,物理,high,11,cn,直流电路,data/kp/physics/phy-h-electrical-experiments.json,3,3,1011,True,,5703,True,3,2,0,1,True,True,0,,
phy-h-electromagnetic-waves,电磁波,physics,物理,high,12,cn,电磁场与电磁感应,data/kp/physics/phy-h-electromagnetic-waves.json,3,3,960,True,,5678,True,3,2,0,1,True,True,0,,
phy-h-electrostatics,静电现象,physics,物理,high,11,cn,静电场,data/kp/physics/phy-h-electrostatics.json,2,2,1198,True,,5703,True,3,2,0,1,True,True,0,,
phy-h-em-induction,电磁感应,physics,物理,high,12,cn,电磁场与电磁感应,data/kp/physics/phy-h-em-induction.json,3,3,920,True,,5834,True,3,2,0,1,True,True,0,,
phy-h-energy-conservation-general,能量守恒定律,physics,物理,high,11,cn,功与能,data/kp/physics/phy-h-energy-conservation-general.json,2,2,1004,True,,4674,True,3,2,0,1,True,True,0,,
phy-h-energy-conservation-mech,机械能守恒定律,physics,物理,high,10,cn,功与能,data/kp/physics/phy-h-energy-conservation-mech.json,2,2,991,True,,5790,True,3,2,0,1,True,True,0,,
phy-h-force-decomposition,力的合成与分解,physics,物理,high,10,cn,相互作用与牛顿定律,data/kp/physics/phy-h-force-decomposition.json,2,2,1033,True,必修一 第3章,5718,True,3,2,0,1,True,True,0,,
phy-h-free-fall,自由落体运动,physics,物理,high,10,cn,运动学,data/kp/physics/phy-h-free-fall.json,3,3,1061,True,,5703,True,3,2,0,1,True,True,0,,
phy-h-gas-laws,气体实验定律与理想气体（热学）,physics,物理,high,11,cn,热学,data/kp/physics/phy-h-gas-laws.json,3,3,1327,True,,5740,True,3,2,0,1,True,True,0,,
phy-h-gravitation,引力综合,physics,物理,high,10,cn,相互作用与牛顿定律,data/kp/physics/phy-h-gravitation.json,3,3,1018,True,,5718,True,3,2,0,1,True,True,0,,
phy-h-kinematics-linear,直线运动综合,physics,物理,high,10,cn,运动学,data/kp/physics/phy-h-kinematics-linear.json,3,3,1081,True,,5703,True,3,2,0,1,True,True,0,,
phy-h-kinetic-energy-theorem,动能定理,physics,物理,high,10,cn,功与能,data/kp/physics/phy-h-kinetic-energy-theorem.json,2,2,897,True,,5740,True,3,2,0,1,True,True,0,,
phy-h-lorentz-force,洛伦兹力与带电粒子运动,physics,物理,high,12,cn,电磁场与电磁感应,data/kp/physics/phy-h-lorentz-force.json,2,2,1122,True,,5718,True,3,2,0,1,True,True,0,,
phy-h-magnetic-field,磁场,physics,物理,high,12,cn,电磁场与电磁感应,data/kp/physics/phy-h-magnetic-field.json,2,2,1137,True,,5458,True,3,2,0,1,True,True,0,,
phy-h-magnetic-field-h,磁场综合（安培力/磁通量）,physics,物理,high,12,cn,电磁场与电磁感应,data/kp/physics/phy-h-magnetic-field-h.json,2,2,1225,True,,5653,True,3,2,0,1,True,True,0,,
phy-h-mechanical-vibration-wave,机械振动与机械波,physics,物理,high,12,cn,机械振动与波、光学,data/kp/physics/phy-h-mechanical-vibration-wave.json,3,3,984,True,选择性必修一 第2-3章,5820,True,3,2,0,1,True,True,0,,
phy-h-momentum,动量,physics,物理,high,11,cn,动量,data/kp/physics/phy-h-momentum.json,3,3,1019,True,选择性必修一 第1章,5730,True,3,2,0,1,True,True,0,,
phy-h-momentum-conservation,动量守恒定律,physics,物理,high,11,cn,动量,data/kp/physics/phy-h-momentum-conservation.json,2,2,982,True,,4794,True,3,2,0,1,True,True,0,,
phy-h-momentum-impulse,动量与冲量,physics,物理,high,11,cn,动量,data/kp/physics/phy-h-momentum-impulse.json,3,3,1043,True,,5760,True,3,2,0,1,True,True,0,,
phy-h-motion-description,运动的描述,physics,物理,high,10,cn,运动学,data/kp/physics/phy-h-motion-description.json,3,3,1073,True,第1章 机械运动,5703,True,3,2,0,1,True,True,0,,
phy-h-newton-laws,牛顿运动定律,physics,物理,high,10,cn,相互作用与牛顿定律,data/kp/physics/phy-h-newton-laws.json,3,3,1187,True,必修一 第4章,5263,True,3,2,0,1,True,True,0,,
phy-h-nuclear-energy,核能与核反应,physics,物理,high,12,cn,近代物理,data/kp/physics/phy-h-nuclear-energy.json,3,3,1153,True,,5805,True,3,2,0,1,True,True,0,,
phy-h-nuclear-physics,原子核物理,physics,物理,high,12,cn,近代物理,data/kp/physics/phy-h-nuclear-physics.json,3,3,1107,True,,5372,True,3,2,0,1,True,True,0,,
phy-h-photoelectric-effect,光电效应,physics,物理,high,12,cn,近代物理,data/kp/physics/phy-h-photoelectric-effect.json,2,2,1089,True,,5273,True,3,2,0,1,True,True,0,,
phy-h-potential-energy,势能（重力/弹性）,physics,物理,high,10,cn,功与能,data/kp/physics/phy-h-potential-energy.json,2,2,992,True,,5822,True,3,2,0,1,True,True,0,,
phy-h-projectile-motion,抛体运动,physics,物理,high,10,cn,相互作用与牛顿定律,data/kp/physics/phy-h-projectile-motion.json,2,2,961,True,,5738,True,3,2,0,1,True,True,0,,
phy-h-quantum-intro,量子力学初步,physics,物理,high,12,cn,近代物理,data/kp/physics/phy-h-quantum-intro.json,2,2,1153,True,,5826,True,3,2,0,1,True,True,0,,
phy-h-satellite-motion,卫星运动与航天,physics,物理,high,10,cn,相互作用与牛顿定律,data/kp/physics/phy-h-satellite-motion.json,3,3,1015,True,,5703,True,3,2,0,1,True,True,0,,
phy-h-uniform-acceleration,匀变速直线运动,physics,物理,high,10,cn,运动学,data/kp/physics/phy-h-uniform-acceleration.json,3,3,1130,True,,5703,True,3,2,0,1,True,True,0,,
phy-h-universal-gravitation,万有引力定律,physics,物理,high,10,cn,相互作用与牛顿定律,data/kp/physics/phy-h-universal-gravitation.json,3,3,1034,True,,4885,True,3,2,0,1,True,True,0,,
phy-h-wave-optics,光的波动性（干涉/衍射）,physics,物理,high,12,cn,机械振动与波、光学,data/kp/physics/phy-h-wave-optics.json,2,2,1261,True,,5561,True,3,2,0,1,True,True,0,,
phy-h-work-concept,功与功率,physics,物理,high,10,cn,功与能,data/kp/physics/phy-h-work-concept.json,3,3,944,True,,4836,True,3,2,0,1,True,True,0,,
phy-h-work-energy,功能关系综合,physics,物理,high,10,cn,功与能,data/kp/physics/phy-h-work-energy.json,4,4,1011,True,,5507,True,3,2,0,1,True,True,0,,
phy-m-acoustics-cross-disciplinary,声现象跨学科应用,physics,物理,middle,8,cn,声现象,data/kp/physics/phy-m-acoustics-cross-disciplinary.json,2,2,998,True,,5696,True,3,2,0,1,True,True,0,,
phy-m-atmospheric-pressure,大气压强,physics,物理,middle,8,cn,运动和力,data/kp/physics/phy-m-atmospheric-pressure.json,2,2,1051,True,,5764,True,3,2,0,1,True,True,0,,
phy-m-circuit-basics,电路基本连接,physics,物理,middle,9,cn,电现象与电路,data/kp/physics/phy-m-circuit-basics.json,3,3,891,True,,5700,True,3,2,0,1,True,True,0,,
phy-m-circuit-calculation,电路综合计算,physics,物理,middle,9,cn,电现象与电路,data/kp/physics/phy-m-circuit-calculation.json,2,2,999,True,,5700,True,3,2,0,1,True,True,0,,
phy-m-current-circuit,电流与电路,physics,物理,middle,9,cn,电现象与电路,data/kp/physics/phy-m-current-circuit.json,3,3,1110,True,,5757,True,3,2,0,1,True,True,0,,
phy-m-current-measurement,电流的测量,physics,物理,middle,9,cn,电现象与电路,data/kp/physics/phy-m-current-measurement.json,3,3,983,True,,5034,True,3,2,0,1,True,True,0,,
phy-m-electric-motor,电动机原理,physics,物理,middle,9,cn,电与磁,data/kp/physics/phy-m-electric-motor.json,2,2,1033,True,,5696,True,3,2,0,1,True,True,0,,
phy-m-electric-power,电功率,physics,物理,middle,9,cn,电现象与电路,data/kp/physics/phy-m-electric-power.json,2,2,1035,True,,5654,True,3,2,0,1,True,True,0,,
phy-m-electrical-safety,家庭电路与安全用电,physics,物理,middle,9,cn,电现象与电路,data/kp/physics/phy-m-electrical-safety.json,2,2,1123,True,,5700,True,3,2,0,1,True,True,0,,
phy-m-electromagnetic-induction,电磁感应,physics,物理,middle,9,cn,电与磁,data/kp/physics/phy-m-electromagnetic-induction.json,3,3,1041,True,,5827,True,3,2,0,1,True,True,0,,
phy-m-electromagnetism-basic,电流的磁效应,physics,物理,middle,9,cn,电与磁,data/kp/physics/phy-m-electromagnetism-basic.json,2,2,1041,True,,5034,True,3,2,0,1,True,True,0,,
phy-m-energy-conservation,能量转化与守恒定律,physics,物理,middle,9,cn,运动和力,data/kp/physics/phy-m-energy-conservation.json,3,3,1143,True,,5696,True,3,2,0,1,True,True,0,,
phy-m-eye-vision,眼睛与视觉矫正,physics,物理,middle,8,cn,光现象,data/kp/physics/phy-m-eye-vision.json,2,2,1068,True,,5696,True,3,2,0,1,True,True,0,,
phy-m-fluid-flow,流体压强与流速关系,physics,物理,middle,8,cn,运动和力,data/kp/physics/phy-m-fluid-flow.json,2,2,932,True,,5671,True,3,2,0,1,True,True,0,,
phy-m-force-basics,力的初步认识,physics,物理,middle,8,cn,运动和力,data/kp/physics/phy-m-force-basics.json,3,3,1083,True,,5711,True,3,2,0,1,True,True,0,,
phy-m-friction,摩擦力,physics,物理,middle,8,cn,运动和力,data/kp/physics/phy-m-friction.json,2,2,996,True,第8章 运动和力,5723,True,3,2,0,1,True,True,0,,
phy-m-generator,发电机原理,physics,物理,middle,9,cn,电与磁,data/kp/physics/phy-m-generator.json,3,3,1093,True,,5696,True,3,2,0,1,True,True,0,,
phy-m-gravity,重力,physics,物理,middle,8,cn,运动和力,data/kp/physics/phy-m-gravity.json,2,2,904,True,,5695,True,3,2,0,1,True,True,0,,
phy-m-heat-calculation,热量计算,physics,物理,middle,9,cn,热现象,data/kp/physics/phy-m-heat-calculation.json,3,3,996,True,,5564,True,3,2,0,1,True,True,0,,
phy-m-heat-engine,内燃机与热机效率,physics,物理,middle,9,cn,热现象,data/kp/physics/phy-m-heat-engine.json,4,4,1066,True,,5564,True,3,2,0,1,True,True,0,,
phy-m-internal-energy,内能与热量,physics,物理,middle,9,cn,热现象,data/kp/physics/phy-m-internal-energy.json,2,2,975,True,第13章 内能,5564,True,3,2,0,1,True,True,0,,
phy-m-joule-law,焦耳定律,physics,物理,middle,9,cn,电现象与电路,data/kp/physics/phy-m-joule-law.json,2,2,926,True,,5696,True,3,2,0,1,True,True,0,,
phy-m-lens,透镜（凸透镜/凹透镜）,physics,物理,middle,8,cn,光现象,data/kp/physics/phy-m-lens.json,2,2,1100,True,,5696,True,3,2,0,1,True,True,0,,
phy-m-light-dispersion,光的色散,physics,物理,middle,8,cn,光现象,data/kp/physics/phy-m-light-dispersion.json,2,2,890,True,,5696,True,3,2,0,1,True,True,0,,
phy-m-light-propagation,光的直线传播,physics,物理,middle,8,cn,光现象,data/kp/physics/phy-m-light-propagation.json,2,2,970,True,第4章 光现象,5696,True,3,2,0,1,True,True,0,,
phy-m-light-reflection,光的反射,physics,物理,middle,8,cn,光现象,data/kp/physics/phy-m-light-reflection.json,2,2,921,True,第4章 光现象,5776,True,3,2,0,1,True,True,0,,
phy-m-light-refraction,光的折射,physics,物理,middle,8,cn,光现象,data/kp/physics/phy-m-light-refraction.json,2,2,927,True,,5781,True,3,2,0,1,True,True,0,,
phy-m-liquid-pressure-buoyancy,液体压强与浮力,physics,物理,middle,8,cn,运动和力,data/kp/physics/phy-m-liquid-pressure-buoyancy.json,2,2,1090,True,,5740,True,3,2,0,1,True,True,0,,
phy-m-magnetism-basics,磁现象,physics,物理,middle,9,cn,电与磁,data/kp/physics/phy-m-magnetism-basics.json,2,2,996,True,,5696,True,3,2,0,1,True,True,0,,
phy-m-mass-density,质量与密度,physics,物理,middle,8,cn,运动和力,data/kp/physics/phy-m-mass-density.json,3,3,1081,True,,5717,True,3,2,0,1,True,True,0,,
phy-m-mechanical-energy,机械能（动能/势能）,physics,物理,middle,9,cn,运动和力,data/kp/physics/phy-m-mechanical-energy.json,3,3,1091,True,,5783,True,3,2,0,1,True,True,0,,
phy-m-motion-description,机械运动,physics,物理,middle,8,cn,运动和力,data/kp/physics/phy-m-motion-description.json,3,3,992,True,,5696,True,3,2,0,1,True,True,0,,
phy-m-newton-laws,牛顿第一定律与二力平衡,physics,物理,middle,8,cn,运动和力,data/kp/physics/phy-m-newton-laws.json,2,2,1021,True,,5711,True,3,2,0,1,True,True,0,,
phy-m-noise-control,噪声与声污染,physics,物理,middle,8,cn,声现象,data/kp/physics/phy-m-noise-control.json,2,2,974,True,,5696,True,3,2,0,1,True,True,0,,
phy-m-ohms-law,欧姆定律,physics,物理,middle,9,cn,电现象与电路,data/kp/physics/phy-m-ohms-law.json,3,3,950,True,第17章 欧姆定律,5533,True,3,2,0,1,True,True,0,,
phy-m-phase-change,物态变化（熔化/汽化/凝固）,physics,物理,middle,8,cn,热现象,data/kp/physics/phy-m-phase-change.json,3,3,1303,True,,5696,True,3,2,0,1,True,True,0,,
phy-m-plane-mirror,平面镜成像,physics,物理,middle,8,cn,光现象,data/kp/physics/phy-m-plane-mirror.json,2,2,940,True,,5696,True,3,2,0,1,True,True,0,,
phy-m-pressure,压强,physics,物理,middle,8,cn,运动和力,data/kp/physics/phy-m-pressure.json,2,2,921,True,,5671,True,3,2,0,1,True,True,0,,
phy-m-refraction,折射规律应用,physics,物理,middle,8,cn,光现象,data/kp/physics/phy-m-refraction.json,3,3,997,True,,5696,True,3,2,0,1,True,True,0,,
phy-m-resistance,电阻,physics,物理,middle,9,cn,电现象与电路,data/kp/physics/phy-m-resistance.json,2,2,950,True,,5193,True,3,2,0,1,True,True,0,,
phy-m-series-parallel,串联与并联电路,physics,物理,middle,9,cn,电现象与电路,data/kp/physics/phy-m-series-parallel.json,2,2,1038,True,,5700,True,3,2,0,1,True,True,0,,
phy-m-simple-machines,简单机械（杠杆/滑轮）,physics,物理,middle,9,cn,运动和力,data/kp/physics/phy-m-simple-machines.json,2,2,963,True,,5696,True,3,2,0,1,True,True,0,,
phy-m-sound-applications,声的利用（超声/次声）,physics,物理,middle,8,cn,声现象,data/kp/physics/phy-m-sound-applications.json,2,2,1014,True,,5696,True,3,2,0,1,True,True,0,,
phy-m-sound-generation,声音的产生与传播,physics,物理,middle,8,cn,声现象,data/kp/physics/phy-m-sound-generation.json,3,3,1014,True,第2章 第1节,5696,True,3,2,0,1,True,True,0,,
phy-m-sound-properties,声音的特性（音调/响度/音色）,physics,物理,middle,8,cn,声现象,data/kp/physics/phy-m-sound-properties.json,2,2,1031,True,,5696,True,3,2,0,1,True,True,0,,
phy-m-specific-heat,比热容,physics,物理,middle,9,cn,热现象,data/kp/physics/phy-m-specific-heat.json,3,3,966,True,,5564,True,3,2,0,1,True,True,0,,
phy-m-spherical-mirror,球面镜（凹镜/凸镜）,physics,物理,middle,8,cn,光现象,data/kp/physics/phy-m-spherical-mirror.json,2,2,1092,True,,4819,True,3,2,0,1,True,True,0,,
phy-m-static-electricity,静电现象,physics,物理,middle,9,cn,电现象与电路,data/kp/physics/phy-m-static-electricity.json,2,2,1018,True,,5696,True,3,2,0,1,True,True,0,,
phy-m-thermometer,温度与温度计,physics,物理,middle,8,cn,热现象,data/kp/physics/phy-m-thermometer.json,2,2,983,True,第3章 物态变化,5690,True,3,2,0,1,True,True,0,,
phy-m-voltage,电压,physics,物理,middle,9,cn,电现象与电路,data/kp/physics/phy-m-voltage.json,2,2,1020,True,,5722,True,3,2,0,1,True,True,0,,
phy-m-work-energy,功与功率,physics,物理,middle,9,cn,运动和力,data/kp/physics/phy-m-work-energy.json,3,3,1041,True,,4829,True,3,2,0,1,True,True,0,,
pol-e-g1-u1,我是小学生啦,politics,politics,elementary,1,cn,道德修养,data/kp/politics/pol-e-g1-u1.json,2,2,886,True,第1单元 我是小学生啦,2304,True,3,2,0,1,True,True,0,,
pol-e-g1-u2,过好校园生活,politics,politics,elementary,1,cn,中华优秀传统文化,data/kp/politics/pol-e-g1-u2.json,2,2,845,True,第2单元 过好校园生活,2304,True,3,2,0,1,True,True,0,,
pol-e-g1-u3,养成良好习惯,politics,politics,elementary,1,cn,生命安全与健康,data/kp/politics/pol-e-g1-u3.json,2,2,869,True,第3单元 养成良好习惯,2305,True,3,2,0,1,True,True,0,,
pol-e-g1-u4,我们讲文明,politics,politics,elementary,1,cn,法治启蒙,data/kp/politics/pol-e-g1-u4.json,2,2,871,True,第4单元 我们讲文明,2305,True,3,2,0,1,True,True,0,,
pol-e-g2-u1,过好节假日,politics,politics,elementary,2,cn,道德修养,data/kp/politics/pol-e-g2-u1.json,2,2,861,True,第1单元 过好节假日,708,True,3,2,0,1,True,True,0,,
pol-e-g2-u2,我爱我们班,politics,politics,elementary,2,cn,中华优秀传统文化,data/kp/politics/pol-e-g2-u2.json,2,2,815,True,第2单元 我爱我们班,2300,True,3,2,0,1,True,True,0,,
pol-e-g2-u3,我的家乡美,politics,politics,elementary,2,cn,生命安全与健康,data/kp/politics/pol-e-g2-u3.json,2,2,803,True,第3单元 我的家乡美,2294,True,3,2,0,1,True,True,0,,
pol-e-g2-u4,我爱我们的祖国,politics,politics,elementary,2,cn,法治启蒙,data/kp/politics/pol-e-g2-u4.json,2,2,837,True,第4单元 我爱我们的祖国,2298,True,3,2,0,1,True,True,0,,
pol-e-g3-u1,做学习的主人,politics,politics,elementary,3,cn,道德修养,data/kp/politics/pol-e-g3-u1.json,2,2,830,True,第1单元 做学习的主人,2308,True,3,2,0,1,True,True,0,,
pol-e-g3-u2,学科学 爱科学,politics,politics,elementary,3,cn,中华优秀传统文化,data/kp/politics/pol-e-g3-u2.json,2,2,835,True,第2单元 学科学 爱科学,2300,True,3,2,0,1,True,True,0,,
pol-e-g3-u3,在集体中长大,politics,politics,elementary,3,cn,生命安全与健康,data/kp/politics/pol-e-g3-u3.json,2,2,817,True,第3单元 在集体中长大,2297,True,3,2,0,1,True,True,0,,
pol-e-g3-u4,公共生活靠大家,politics,politics,elementary,3,cn,法治启蒙,data/kp/politics/pol-e-g3-u4.json,2,2,855,True,第4单元 公共生活靠大家,2306,True,3,2,0,1,True,True,0,,
pol-e-g4-u1,与班级共成长,politics,politics,elementary,4,cn,道德修养,data/kp/politics/pol-e-g4-u1.json,2,2,834,True,第1单元 与班级共成长,2308,True,3,2,0,1,True,True,0,,
pol-e-g4-u2,为父母分担,politics,politics,elementary,4,cn,中华优秀传统文化,data/kp/politics/pol-e-g4-u2.json,2,2,823,True,第2单元 为父母分担,2300,True,3,2,0,1,True,True,0,,
pol-e-g4-u3,信息万花筒,politics,politics,elementary,4,cn,生命安全与健康,data/kp/politics/pol-e-g4-u3.json,2,2,803,True,第3单元 信息万花筒,2297,True,3,2,0,1,True,True,0,,
pol-e-g4-u4,让生活多一些绿色,politics,politics,elementary,4,cn,法治启蒙,data/kp/politics/pol-e-g4-u4.json,2,2,859,True,第4单元 让生活多一些绿色,2306,True,3,2,0,1,True,True,0,,
pol-e-g5-u1,面对成长中的新问题,politics,politics,elementary,5,cn,道德修养,data/kp/politics/pol-e-g5-u1.json,2,2,859,True,第1单元 面对成长中的新问题,2295,True,3,2,0,1,True,True,0,,
pol-e-g5-u2,我们是班级的主人,politics,politics,elementary,5,cn,中华优秀传统文化,data/kp/politics/pol-e-g5-u2.json,2,2,833,True,第2单元 我们是班级的主人,2307,True,3,2,0,1,True,True,0,,
pol-e-g5-u3,我们的国土 我们的家园,politics,politics,elementary,5,cn,国情与公民意识,data/kp/politics/pol-e-g5-u3.json,2,2,902,True,第3单元 我们的国土 我们的家园,2280,True,3,2,0,1,True,True,0,,
pol-e-g5-u4,骄人祖先 灿烂文化,politics,politics,elementary,5,cn,中华优秀传统文化,data/kp/politics/pol-e-g5-u4.json,2,2,879,True,第4单元 骄人祖先 灿烂文化,2310,True,3,2,0,1,True,True,0,,
pol-e-g6-u1,我们的守护者,politics,politics,elementary,6,cn,道德修养,data/kp/politics/pol-e-g6-u1.json,2,2,822,True,第1单元 我们的守护者,2311,True,3,2,0,1,True,True,0,,
pol-e-g6-u2,我们是公民,politics,politics,elementary,6,cn,中华优秀传统文化,data/kp/politics/pol-e-g6-u2.json,2,2,808,True,第2单元 我们是公民,2307,True,3,2,0,1,True,True,0,,
pol-e-g6-u3,我们的国家机构,politics,politics,elementary,6,cn,国情与公民意识,data/kp/politics/pol-e-g6-u3.json,2,2,876,True,第3单元 我们的国家机构,2280,True,3,2,0,1,True,True,0,,
pol-e-g6-u4,法律保护我们健康成长,politics,politics,elementary,6,cn,中华优秀传统文化,data/kp/politics/pol-e-g6-u4.json,2,2,860,True,第4单元 法律保护我们健康成长,2311,True,3,2,0,1,True,True,0,,
pol-h-opt1,当代国际政治与经济,politics,politics,high,11,cn,当代国际政治与经济,data/kp/politics/pol-h-opt1.json,3,3,966,True,当代国际政治与经济,2304,True,3,2,0,1,True,True,0,,
pol-h-opt2,法律与生活,politics,politics,high,12,cn,法律与生活,data/kp/politics/pol-h-opt2.json,3,3,952,True,法律与生活,2296,True,3,2,0,1,True,True,0,,
pol-h-opt3,逻辑与思维,politics,politics,high,12,cn,逻辑与思维,data/kp/politics/pol-h-opt3.json,3,3,977,True,逻辑与思维,2296,True,3,2,0,1,True,True,0,,
pol-h-req1,中国特色社会主义,politics,politics,high,10,cn,中国特色社会主义,data/kp/politics/pol-h-req1.json,4,4,1173,True,中国特色社会主义,2355,True,3,2,0,1,True,True,0,,
pol-h-req2,经济与社会,politics,politics,high,10,cn,经济与社会,data/kp/politics/pol-h-req2.json,4,4,977,True,经济与社会,2326,True,3,2,0,1,True,True,0,,
pol-h-req3,政治与法治,politics,politics,high,11,cn,政治与法治,data/kp/politics/pol-h-req3.json,4,4,987,True,政治与法治,2312,True,3,2,0,1,True,True,0,,
pol-h-req4,哲学与文化,politics,politics,high,11,cn,哲学与文化,data/kp/politics/pol-h-req4.json,4,4,1012,True,哲学与文化,2338,True,3,2,0,1,True,True,0,,
pol-m-g7-lo-u1,珍惜青春时光,politics,politics,middle,7,cn,成长中的我,data/kp/politics/pol-m-g7-lo-u1.json,2,2,868,True,第1单元 珍惜青春时光,2313,True,3,2,0,1,True,True,0,,
pol-m-g7-lo-u2,焕发青春活力,politics,politics,middle,7,cn,我与他人和集体,data/kp/politics/pol-m-g7-lo-u2.json,2,2,865,True,第2单元 焕发青春活力,2312,True,3,2,0,1,True,True,0,,
pol-m-g7-lo-u3,传承中华优秀传统文化,politics,politics,middle,7,cn,珍爱生命与健康,data/kp/politics/pol-m-g7-lo-u3.json,2,2,890,True,第3单元 传承中华优秀传统文化,2309,True,3,2,0,1,True,True,0,,
pol-m-g7-lo-u4,生活在法治社会,politics,politics,middle,7,cn,我与国家和社会,data/kp/politics/pol-m-g7-lo-u4.json,2,2,889,True,第4单元 生活在法治社会,2306,True,3,2,0,1,True,True,0,,
pol-m-g7-up-u1,少年有梦,politics,politics,middle,7,cn,成长中的我,data/kp/politics/pol-m-g7-up-u1.json,2,2,856,True,第1单元 少年有梦,2307,True,3,2,0,1,True,True,0,,
pol-m-g7-up-u2,成长的时空,politics,politics,middle,7,cn,我与他人和集体,data/kp/politics/pol-m-g7-up-u2.json,2,2,868,True,第2单元 成长的时空,2312,True,3,2,0,1,True,True,0,,
pol-m-g7-up-u3,珍爱我们的生命,politics,politics,middle,7,cn,珍爱生命与健康,data/kp/politics/pol-m-g7-up-u3.json,2,2,855,True,第3单元 珍爱我们的生命,2309,True,3,2,0,1,True,True,0,,
pol-m-g7-up-u4,追求美好人生,politics,politics,middle,7,cn,我与国家和社会,data/kp/politics/pol-m-g7-up-u4.json,2,2,880,True,第4单元 追求美好人生,2306,True,3,2,0,1,True,True,0,,
pol-m-g8-lo-u1,坚持宪法至上,politics,politics,middle,8,cn,成长中的我,data/kp/politics/pol-m-g8-lo-u1.json,2,2,859,True,第1单元 坚持宪法至上,2320,True,3,2,0,1,True,True,0,,
pol-m-g8-lo-u2,理解权利义务,politics,politics,middle,8,cn,我与他人和集体,data/kp/politics/pol-m-g8-lo-u2.json,2,2,853,True,第2单元 理解权利义务,2322,True,3,2,0,1,True,True,0,,
pol-m-g8-lo-u3,人民当家作主,politics,politics,middle,8,cn,珍爱生命与健康,data/kp/politics/pol-m-g8-lo-u3.json,2,2,861,True,第3单元 人民当家作主,2337,True,3,2,0,1,True,True,0,,
pol-m-g8-lo-u4,崇尚法治精神,politics,politics,middle,8,cn,我与国家和社会,data/kp/politics/pol-m-g8-lo-u4.json,2,2,829,True,第4单元 崇尚法治精神,2297,True,3,2,0,1,True,True,0,,
pol-m-g8-up-u1,走进社会生活,politics,politics,middle,8,cn,成长中的我,data/kp/politics/pol-m-g8-up-u1.json,2,2,861,True,第1单元 走进社会生活,2320,True,3,2,0,1,True,True,0,,
pol-m-g8-up-u2,遵守社会规则,politics,politics,middle,8,cn,我与他人和集体,data/kp/politics/pol-m-g8-up-u2.json,2,2,868,True,第2单元 遵守社会规则,2326,True,3,2,0,1,True,True,0,,
pol-m-g8-up-u3,勇担社会责任,politics,politics,middle,8,cn,珍爱生命与健康,data/kp/politics/pol-m-g8-up-u3.json,2,2,858,True,第3单元 勇担社会责任,2317,True,3,2,0,1,True,True,0,,
pol-m-g8-up-u4,维护国家利益,politics,politics,middle,8,cn,我与国家和社会,data/kp/politics/pol-m-g8-up-u4.json,2,2,839,True,第4单元 维护国家利益,2291,True,3,2,0,1,True,True,0,,
pol-m-g9-lo-u1,我们共同的世界,politics,politics,middle,9,cn,国情与世界视野,data/kp/politics/pol-m-g9-lo-u1.json,2,2,880,True,第1单元 我们共同的世界,2326,True,3,2,0,1,True,True,0,,
pol-m-g9-lo-u2,世界舞台上的中国,politics,politics,middle,9,cn,国情与世界视野,data/kp/politics/pol-m-g9-lo-u2.json,2,2,847,True,第2单元 世界舞台上的中国,2276,True,3,2,0,1,True,True,0,,
pol-m-g9-lo-u3,走向未来的少年,politics,politics,middle,9,cn,我与国家和社会,data/kp/politics/pol-m-g9-lo-u3.json,2,2,838,True,第3单元 走向未来的少年,2280,True,3,2,0,1,True,True,0,,
pol-m-g9-up-u1,富强与创新,politics,politics,middle,9,cn,国情与世界视野,data/kp/politics/pol-m-g9-up-u1.json,2,2,860,True,第1单元 富强与创新,2326,True,3,2,0,1,True,True,0,,
pol-m-g9-up-u2,民主与法治,politics,politics,middle,9,cn,国情与世界视野,data/kp/politics/pol-m-g9-up-u2.json,2,2,820,True,第2单元 民主与法治,2276,True,3,2,0,1,True,True,0,,
pol-m-g9-up-u3,文明与家园,politics,politics,middle,9,cn,我与国家和社会,data/kp/politics/pol-m-g9-up-u3.json,2,2,816,True,第3单元 文明与家园,2287,True,3,2,0,1,True,True,0,,
pol-m-g9-up-u4,和谐与梦想,politics,politics,middle,9,cn,我与国家和社会,data/kp/politics/pol-m-g9-up-u4.json,2,2,844,True,第4单元 和谐与梦想,2305,True,3,2,0,1,True,True,0,,
psych-e-g1-learning-habit,学习习惯与友好交往,psychology,psychology,elementary,1,cn,学习辅导,data/kp/psychology/psych-e-g1-learning-habit.json,2,2,854,True,,1651,True,3,2,0,1,True,True,0,,
psych-e-g1-school-adapt,入学适应与规则意识,psychology,psychology,elementary,1,cn,生活适应,data/kp/psychology/psych-e-g1-school-adapt.json,3,3,876,True,,1667,True,3,2,0,1,True,True,0,,
psych-e-g2-emotion-basics,情绪体验与自我控制,psychology,psychology,elementary,2,cn,情绪调适,data/kp/psychology/psych-e-g2-emotion-basics.json,2,2,799,True,,1631,True,3,2,0,1,True,True,0,,
psych-e-g2-self-confidence,自信与集体归属感,psychology,psychology,elementary,2,cn,人际交往,data/kp/psychology/psych-e-g2-self-confidence.json,3,3,907,True,,1658,True,3,2,0,1,True,True,0,,
psych-e-g3-self-know,认识自我与学习兴趣,psychology,psychology,elementary,3,cn,认识自我,data/kp/psychology/psych-e-g3-self-know.json,2,2,800,True,,1635,True,3,2,0,1,True,True,0,,
psych-e-g3-social-role,角色意识与时间管理,psychology,psychology,elementary,3,cn,生活适应,data/kp/psychology/psych-e-g3-social-role.json,2,2,857,True,,1637,True,3,2,0,1,True,True,0,,
psych-e-g4-peer-relation,同伴交往与解决困难,psychology,psychology,elementary,4,cn,人际交往,data/kp/psychology/psych-e-g4-peer-relation.json,2,2,881,True,,1663,True,3,2,0,1,True,True,0,,
psych-e-g4-study-motivation,学习自信与情绪表达,psychology,psychology,elementary,4,cn,学习辅导,data/kp/psychology/psych-e-g4-study-motivation.json,2,2,861,True,,1633,True,3,2,0,1,True,True,0,,
psych-e-g5-negative-emotion,面对挫折与情绪调节,psychology,psychology,elementary,5,cn,情绪调适,data/kp/psychology/psych-e-g5-negative-emotion.json,2,2,918,True,,1625,True,3,2,0,1,True,True,0,,
psych-e-g5-self-accept,悦纳自我与学习动机,psychology,psychology,elementary,5,cn,认识自我,data/kp/psychology/psych-e-g5-self-accept.json,2,2,882,True,,1640,True,3,2,0,1,True,True,0,,
psych-e-g6-puberty,青春期教育与异性交往,psychology,psychology,elementary,6,cn,青春期与成长,data/kp/psychology/psych-e-g6-puberty.json,2,2,951,True,,1630,True,3,2,0,1,True,True,0,,
psych-e-g6-social-citizen,亲社会行为与问题解决,psychology,psychology,elementary,6,cn,生活适应,data/kp/psychology/psych-e-g6-social-citizen.json,2,2,877,True,,1631,True,3,2,0,1,True,True,0,,
psych-h-g10-learning-strategy,学习策略与考试适应,psychology,psychology,high,10,cn,学习辅导,data/kp/psychology/psych-h-g10-learning-strategy.json,2,2,853,True,,1693,True,3,2,0,1,True,True,0,,
psych-h-g10-relationship,人际关系与沟通,psychology,psychology,high,10,cn,人际交往,data/kp/psychology/psych-h-g10-relationship.json,2,2,841,True,,1667,True,3,2,0,1,True,True,0,,
psych-h-g10-self-concept,自我认同与理想信念,psychology,psychology,high,10,cn,认识自我,data/kp/psychology/psych-h-g10-self-concept.json,2,2,866,True,,1650,True,3,2,0,1,True,True,0,,
psych-h-g11-emotion-resilience,情绪管理与抗挫力,psychology,psychology,high,11,cn,情绪调适,data/kp/psychology/psych-h-g11-emotion-resilience.json,2,2,828,True,,1651,True,3,2,0,1,True,True,0,,
psych-h-g11-exam-wellness,考试心理与身心健康,psychology,psychology,high,11,cn,抗挫与适应,data/kp/psychology/psych-h-g11-exam-wellness.json,2,2,812,True,,1648,True,3,2,0,1,True,True,0,,
psych-h-g11-peer-support,同伴支持与合作学习,psychology,psychology,high,11,cn,人际交往,data/kp/psychology/psych-h-g11-peer-support.json,2,2,817,True,,1660,True,3,2,0,1,True,True,0,,
psych-h-g12-career-choice,生涯规划与升学择业,psychology,psychology,high,12,cn,生涯规划,data/kp/psychology/psych-h-g12-career-choice.json,2,2,879,True,,1685,True,3,2,0,1,True,True,0,,
psych-h-g12-life-transition,人生过渡与社会适应,psychology,psychology,high,12,cn,生活适应,data/kp/psychology/psych-h-g12-life-transition.json,2,2,829,True,,1631,True,3,2,0,1,True,True,0,,
psych-h-g12-mental-literacy,心理素养与终身发展,psychology,psychology,high,12,cn,抗挫与适应,data/kp/psychology/psych-h-g12-mental-literacy.json,2,2,813,True,,1632,True,3,2,0,1,True,True,0,,
psych-m-g7-interpersonal,亲子师生与同伴交往,psychology,psychology,middle,7,cn,人际交往,data/kp/psychology/psych-m-g7-interpersonal.json,2,2,839,True,,1620,True,3,2,0,1,True,True,0,,
psych-m-g7-self-identity,自我认识与青春期适应,psychology,psychology,middle,7,cn,认识自我,data/kp/psychology/psych-m-g7-self-identity.json,2,2,861,True,,1646,True,3,2,0,1,True,True,0,,
psych-m-g7-study-adapt,学习适应与情绪管理,psychology,psychology,middle,7,cn,学习辅导,data/kp/psychology/psych-m-g7-study-adapt.json,2,2,826,True,,1661,True,3,2,0,1,True,True,0,,
psych-m-g8-puberty-relation,青春期交往与情绪调适,psychology,psychology,middle,8,cn,青春期与成长,data/kp/psychology/psych-m-g8-puberty-relation.json,2,2,834,True,,1651,True,3,2,0,1,True,True,0,,
psych-m-g8-role-identity,角色认同与社会适应,psychology,psychology,middle,8,cn,生活适应,data/kp/psychology/psych-m-g8-role-identity.json,2,2,852,True,,1653,True,3,2,0,1,True,True,0,,
psych-m-g8-stress-coping,学业压力与挫折应对,psychology,psychology,middle,8,cn,抗挫与适应,data/kp/psychology/psych-m-g8-stress-coping.json,2,2,795,True,,1675,True,3,2,0,1,True,True,0,,
psych-m-g9-career-explore,升学择业与生涯探索,psychology,psychology,middle,9,cn,生涯规划,data/kp/psychology/psych-m-g9-career-explore.json,2,2,858,True,,1651,True,3,2,0,1,True,True,0,,
psych-m-g9-mental-health,心理健康素养与求助,psychology,psychology,middle,9,cn,抗挫与适应,data/kp/psychology/psych-m-g9-mental-health.json,2,2,841,True,,1620,True,3,2,0,1,True,True,0,,
psych-m-g9-social-adapt,社会适应与责任意识,psychology,psychology,middle,9,cn,生活适应,data/kp/psychology/psych-m-g9-social-adapt.json,2,2,841,True,,1647,True,3,2,0,1,True,True,0,,
sci-e-animal-features,动物的外形与特征,science,科学,elementary,2,cn,生命科学,data/kp/science/sci-e-animal-features.json,2,2,869,True,,5740,True,3,2,0,1,True,True,0,,
sci-e-animal-life-cycle,动物的生长与繁殖,science,科学,elementary,3,cn,生命科学,data/kp/science/sci-e-animal-life-cycle.json,2,2,869,True,,5583,True,3,2,0,1,True,True,0,,
sci-e-bridge-structure,结构与稳定性（搭建桥梁）,science,科学,elementary,4,cn,技术与工程,data/kp/science/sci-e-bridge-structure.json,3,3,967,True,,5715,True,3,2,0,1,True,True,0,,
sci-e-classification,生物的分类,science,科学,elementary,4,cn,生命科学,data/kp/science/sci-e-classification.json,3,3,850,True,,5401,True,3,2,0,1,True,True,0,,
sci-e-climate,气候与气候变化,science,科学,elementary,6,cn,地球与宇宙科学,data/kp/science/sci-e-climate.json,2,2,1540,True,,5449,True,3,2,0,1,True,True,0,,
sci-e-conductors-insulators,导体与绝缘体,science,科学,elementary,4,cn,物质科学,data/kp/science/sci-e-conductors-insulators.json,2,2,943,True,,5686,True,3,2,0,1,True,True,0,,
sci-e-day-night,昼夜变化与地球自转,science,科学,elementary,3,cn,地球与宇宙科学,data/kp/science/sci-e-day-night.json,2,2,1102,True,,5404,True,3,2,0,1,True,True,0,,
sci-e-design-process,设计与制作（工程设计初步）,science,科学,elementary,3,cn,技术与工程,data/kp/science/sci-e-design-process.json,3,3,1157,True,,5706,True,3,2,0,1,True,True,0,,
sci-e-disease-prevention,疾病预防与卫生习惯,science,科学,elementary,6,cn,生命科学,data/kp/science/sci-e-disease-prevention.json,2,2,1552,True,,5320,True,3,2,0,1,True,True,0,,
sci-e-dissolving,溶解现象,science,科学,elementary,4,cn,物质科学,data/kp/science/sci-e-dissolving.json,2,2,1457,True,,5771,True,3,2,0,1,True,True,0,,
sci-e-earth-surface-change,地表的变化（侵蚀、沉积、火山、地震）,science,科学,elementary,5,cn,地球与宇宙科学,data/kp/science/sci-e-earth-surface-change.json,2,2,1586,True,,5807,True,3,2,0,1,True,True,0,,
sci-e-ecosystem,生物与环境（食物链、食物网）,science,科学,elementary,5,cn,生命科学,data/kp/science/sci-e-ecosystem.json,2,2,965,True,,5769,True,3,2,0,1,True,True,0,,
sci-e-electricity-basic,简单电路,science,科学,elementary,4,cn,物质科学,data/kp/science/sci-e-electricity-basic.json,3,3,728,True,,5756,True,3,2,0,1,True,True,0,,
sci-e-energy-forms,能量的多种形式,science,科学,elementary,6,cn,物质科学,data/kp/science/sci-e-energy-forms.json,2,2,930,True,,5756,True,3,2,0,1,True,True,0,,
sci-e-environment-protection,环境保护与生态平衡,science,科学,elementary,6,cn,生命科学,data/kp/science/sci-e-environment-protection.json,3,3,983,True,,5708,True,3,2,0,1,True,True,0,,
sci-e-friction,摩擦力,science,科学,elementary,5,cn,物质科学,data/kp/science/sci-e-friction.json,2,2,907,True,第8章 运动和力,5706,True,3,2,0,1,True,True,0,,
sci-e-gravity,地球引力与重力,science,科学,elementary,5,cn,物质科学,data/kp/science/sci-e-gravity.json,2,2,1206,True,,5362,True,3,2,0,1,True,True,0,,
sci-e-heat-transfer,热的传递,science,科学,elementary,5,cn,物质科学,data/kp/science/sci-e-heat-transfer.json,2,2,741,True,,5809,True,3,2,0,1,True,True,0,,
sci-e-heredity-intro,遗传与变异现象（入门）,science,科学,elementary,6,cn,生命科学,data/kp/science/sci-e-heredity-intro.json,2,2,1092,True,,5633,True,3,2,0,1,True,True,0,,
sci-e-human-body-systems,人体主要器官系统,science,科学,elementary,4,cn,生命科学,data/kp/science/sci-e-human-body-systems.json,2,2,947,True,,5697,True,3,2,0,1,True,True,0,,
sci-e-information-tech,信息技术与生活,science,科学,elementary,5,cn,技术与工程,data/kp/science/sci-e-information-tech.json,2,2,1345,True,,5480,True,3,2,0,1,True,True,0,,
sci-e-light,光的传播与影子,science,科学,elementary,3,cn,物质科学,data/kp/science/sci-e-light.json,2,2,1330,True,,5399,True,3,2,0,1,True,True,0,,
sci-e-living-vs-nonliving,生物与非生物,science,科学,elementary,1,cn,生命科学,data/kp/science/sci-e-living-vs-nonliving.json,2,2,921,True,,5650,True,3,2,0,1,True,True,0,,
sci-e-magnetism,磁铁与磁现象,science,科学,elementary,2,cn,物质科学,data/kp/science/sci-e-magnetism.json,3,3,838,True,,5774,True,3,2,0,1,True,True,0,,
sci-e-materials-in-life,生活中常见的材料,science,科学,elementary,2,cn,物质科学,data/kp/science/sci-e-materials-in-life.json,2,2,947,True,,5658,True,3,2,0,1,True,True,0,,
sci-e-measurement,测量与数据记录,science,科学,elementary,2,cn,技术与工程,data/kp/science/sci-e-measurement.json,2,2,1021,True,,5765,True,3,2,0,1,True,True,0,,
sci-e-moon-phases,月相变化,science,科学,elementary,4,cn,地球与宇宙科学,data/kp/science/sci-e-moon-phases.json,2,2,876,True,,5639,True,3,2,0,1,True,True,0,,
sci-e-motion-speed,运动与速度,science,科学,elementary,4,cn,物质科学,data/kp/science/sci-e-motion-speed.json,2,2,919,True,,5733,True,3,2,0,1,True,True,0,,
sci-e-nutrition-health,饮食、营养与健康,science,科学,elementary,5,cn,生命科学,data/kp/science/sci-e-nutrition-health.json,2,2,1457,True,,5336,True,3,2,0,1,True,True,0,,
sci-e-object-properties,观察物体的外部特征,science,科学,elementary,1,cn,物质科学,data/kp/science/sci-e-object-properties.json,3,3,896,True,,5748,True,3,2,0,1,True,True,0,,
sci-e-photosynthesis-intro,植物的光合作用与呼吸（入门）,science,科学,elementary,5,cn,生命科学,data/kp/science/sci-e-photosynthesis-intro.json,2,2,975,True,,5676,True,3,2,0,1,True,True,0,,
sci-e-plant-life-cycle,植物的一生（种子到果实）,science,科学,elementary,3,cn,生命科学,data/kp/science/sci-e-plant-life-cycle.json,2,2,930,True,,5562,True,3,2,0,1,True,True,0,,
sci-e-plant-parts,植物的各部分,science,科学,elementary,1,cn,生命科学,data/kp/science/sci-e-plant-parts.json,2,2,863,True,,5695,True,3,2,0,1,True,True,0,,
sci-e-push-pull-force,推和拉的力,science,科学,elementary,2,cn,物质科学,data/kp/science/sci-e-push-pull-force.json,2,2,787,True,,5788,True,3,2,0,1,True,True,0,,
sci-e-rocks-soil,岩石与土壤,science,科学,elementary,4,cn,地球与宇宙科学,data/kp/science/sci-e-rocks-soil.json,3,3,1002,True,,4749,True,3,2,0,1,True,True,0,,
sci-e-seasons,四季变化,science,科学,elementary,2,cn,地球与宇宙科学,data/kp/science/sci-e-seasons.json,2,2,876,True,,5381,True,3,2,0,1,True,True,0,,
sci-e-senses,人的感官,science,科学,elementary,2,cn,生命科学,data/kp/science/sci-e-senses.json,2,2,837,True,,5706,True,3,2,0,1,True,True,0,,
sci-e-simple-machines,简单机械（杠杆、滑轮、斜面）,science,科学,elementary,6,cn,物质科学,data/kp/science/sci-e-simple-machines.json,3,3,925,True,,5725,True,3,2,0,1,True,True,0,,
sci-e-simple-robot,简易机械玩具与机器人入门,science,科学,elementary,5,cn,技术与工程,data/kp/science/sci-e-simple-robot.json,3,3,1180,True,,5667,True,3,2,0,1,True,True,0,,
sci-e-solar-system,太阳系,science,科学,elementary,6,cn,地球与宇宙科学,data/kp/science/sci-e-solar-system.json,3,3,961,True,,5793,True,3,2,0,1,True,True,0,,
sci-e-solid-liquid-gas,物质的三态与变化,science,科学,elementary,3,cn,物质科学,data/kp/science/sci-e-solid-liquid-gas.json,3,3,918,True,,5466,True,3,2,0,1,True,True,0,,
sci-e-sound,声音的产生与传播,science,科学,elementary,4,cn,物质科学,data/kp/science/sci-e-sound.json,3,3,1015,True,第2章 第1节,5746,True,3,2,0,1,True,True,0,,
sci-e-space-exploration,人类的航天探索,science,科学,elementary,6,cn,地球与宇宙科学,data/kp/science/sci-e-space-exploration.json,2,2,924,True,,5742,True,3,2,0,1,True,True,0,,
sci-e-sustainable-engineering,绿色工程与可持续发展,science,科学,elementary,6,cn,技术与工程,data/kp/science/sci-e-sustainable-engineering.json,3,3,940,True,,5523,True,3,2,0,1,True,True,0,,
sci-e-tools-use,常见工具的使用,science,科学,elementary,1,cn,技术与工程,data/kp/science/sci-e-tools-use.json,2,2,986,True,,5076,True,3,2,0,1,True,True,0,,
sci-e-water-cycle-matter,水的蒸发、凝结与循环,science,科学,elementary,3,cn,物质科学,data/kp/science/sci-e-water-cycle-matter.json,3,3,778,True,,5231,True,3,2,0,1,True,True,0,,
sci-e-water-earth,地球上的水资源,science,科学,elementary,3,cn,地球与宇宙科学,data/kp/science/sci-e-water-earth.json,2,2,968,True,,5531,True,3,2,0,1,True,True,0,,
sci-e-weather-observation,天气的观察,science,科学,elementary,1,cn,地球与宇宙科学,data/kp/science/sci-e-weather-observation.json,2,2,858,True,,5371,True,3,2,0,1,True,True,0,,
